,Actual,R_Predicted,DTR_Predicted,RFR_Predict,XGBR_Predict
0,3100000,1611569.7281581706,2100000.0,1968639.99,2.0674924e+06
1,779000,765605.5153212993,779000.0,779000.0,775058.4
2,550000,689170.3963598256,550000.0,600748.9285714286,630000.2
3,525000,666401.3140565441,650000.0,553469.98,580175.2
4,450000,626422.5319169662,450000.0,446750.0,438456.1
5,800000,611669.3565953615,720000.0,711493.3333333333,650118.5
6,700000,593836.6973420746,1000000.0,709869.95,577062.44
7,370000,394698.50566821,360000.0,369617.5275476191,413806.6
8,5500000,4257133.001588685,5500000.0,5500000.0,5.494123e+06
9,740000,754924.7812221519,740000.0,740000.0,734581.3
10,1100000,1000646.795222214,1250000.0,1049349.91,1.0095107e+06
11,325000,478508.2224509766,325000.0,323204.99,374806.5
12,490000,545937.5410617504,530000.0,489487.47,539266.75
13,55000,-643447.3105587532,45000.0,45409.96,57231.996
14,711000,742770.3041735314,675000.0,641920.0,672568.9
15,89000,-84527.447876096,65000.0,80833.51,104387.08
16,400000,643813.9073901153,270000.0,342581.26,380667.1
17,140000,-124241.35171307623,100000.0,96879.32,81786.87
18,220000,127858.49900259741,180000.0,187189.98,181003.72
19,1789999,1461062.5989795795,1850000.0,1750739.96,1.6861474e+06
20,300000,355112.1704895295,295000.0,284057.46,285683.66
21,600000,468955.3197646887,585000.0,571936.6566666666,607576.25
22,850000,794994.2737918256,830000.0,859583.3133333335,837598.4
23,800000,792108.4371019449,950000.0,880229.1328571428,895690.44
24,600000,495348.1576256632,550000.0,562750.0,551503.94
25,520000,470512.09848338296,550000.0,500519.99999999994,453409.3
26,445000,459078.37733003916,450000.0,421105.42,424790.6
27,515000,685596.4986136397,515000.0,573860.0,679102.0
28,450000,620391.0096997648,450000.0,450000.0,473082.16
29,1200000,933098.1346121756,1300000.0,1081670.0,1.1035488e+06
30,160000,204468.07105802262,320000.0,237409.99,223629.14
31,40000,-510315.39827548957,40000.0,47260.0,51631.91
32,495000,837664.4162888192,495000.0,587150.0,487607.72
33,730000,614764.5482751164,730000.0,696580.0,694635.0
34,730000,795878.1108280153,700000.0,759809.91,729165.44
35,950000,789604.5683697758,950000.0,931163.3333333333,893539.7
36,340000,307616.84363305866,250000.0,267350.0,272656.62
37,225000,317728.9027844309,225000.0,225000.0,231521.81
38,179000,163049.18823587318,150000.0,167590.0,189524.62
39,757000,742151.9657129168,675000.0,704900.0,740064.8
40,1700000,1407649.132559658,1500000.0,1603400.0,1.641931e+06
41,351000,635508.3711434825,409999.0,449279.73,453306.4
42,560000,369132.8435883549,500000.0,435028.32333333336,476768.22
43,484999,704762.204781879,500000.0,508886.6466666667,588685.5
44,675000,805969.245968164,650000.0,668049.99,686108.94
45,580000,667045.8531133261,442499.5,454591.23499999987,488857.4
46,420000,455992.73223760456,370000.0,390915.0,432566.06
47,250000,197464.29990254523,229999.0,235414.27799999996,231602.05
48,1000000,979332.8675643759,1000000.0,1061956.6533333333,1.1281051e+06
49,475000,571221.6798634868,475000.0,461927.5514285714,440828.7
50,550000,510847.36483734986,550000.0,550000.0,542499.06
51,250000,447528.36540118756,360000.0,375869.95,330524.34
52,320000,315838.85244887474,225000.0,271879.99,337408.2
53,750000,611648.6938362963,797000.0,764460.0,717081.9
54,440000,629990.1496885354,600000.0,554339.67,555645.3
55,795000,732182.096750982,795000.0,744249.99,581537.4
56,800000,599148.4234580892,695000.0,719389.75,789718.1
57,220000,336850.93100125116,360000.0,296438.3333333333,262535.8
58,250000,242837.88031174982,250000.0,234749.95,287361.25
59,340000,314816.81358404504,340000.0,296594.95,290596.03
60,620000,662620.4729014401,795000.0,771150.0,727264.56
61,425000,510819.08063689806,490000.0,476008.33333333326,471406.75
62,509999,560555.4367016037,530000.0,493456.36666666664,489698.88
63,45000,-283892.1575317937,42000.0,45455.94,62359.156
64,141000,152381.72943593463,150000.0,137600.0,156034.89
65,325000,454475.20280138956,225000.0,299389.96,326998.16
66,540000,617241.7183319131,610000.0,627146.6666666666,596488.8
67,819999,894006.6747553954,800000.0,855900.0,854400.2
68,150000,22986.122403464047,150000.0,138000.0,119559.016
69,810000,673255.9248488734,869999.0,725258.858888889,699374.0
70,325000,238280.49327527365,250000.0,294434.98,290049.22
71,650000,685250.6527413529,630000.0,620625.0,603678.94
72,65000,-159324.33271960157,90000.0,79215.18,62866.348
73,850000,872638.8086519941,1140000.0,1060862.47,997917.7
74,300000,370571.39750726725,300000.0,301835.0,303155.1
75,300000,554542.238644291,240000.0,244829.82,251657.8
76,480000,659324.0107365128,480000.0,491500.0,476758.12
77,60000,-562599.9746004053,29999.0,59029.84,50385.535
78,1200000,1193456.1028446476,1550000.0,1473390.0,1.4935742e+06
79,325000,648883.3868593952,476999.0,463449.77,508680.84
80,190000,343980.8379047855,190000.0,173729.96,199355.62
81,550000,650918.5859493916,488999.0,522939.36,583582.06
82,254999,125839.61475871434,250000.0,222523.18333333332,212614.02
83,425000,474240.42317049205,375000.0,401949.98,382894.12
84,5800000,4249828.819294866,5500000.0,5184430.0,5.0442755e+06
85,170000,197335.24284258863,270000.0,231716.6666666667,168109.52
86,170000,73457.0802077303,210000.0,195559.99,139399.02
87,740000,754924.7812221519,740000.0,740000.0,734581.3
88,950000,594405.6976413016,450000.0,495169.99,511390.3
89,800000,931533.2938488254,850000.0,905519.97,879595.8
90,250000,237282.92606998998,200000.0,227359.98,233297.38
91,279000,279608.95175067417,300000.0,294940.0,279412.34
92,695000,668718.685937132,550000.0,568799.91,571286.9
93,525000,460456.8676226585,600000.0,631029.93,699355.7
94,890000,599962.0021661856,750000.0,733149.97,710631.75
95,725000,2033967.921001078,1350000.0,804400.0,623188.44
96,400000,315295.72619869886,400000.0,397000.0,354051.1
97,140000,144388.59040665388,250000.0,239636.63666666663,217436.8
98,2000000,2158117.17691675,1200000.0,1761926.616666667,1.6992899e+06
99,650000,625478.3773655117,780000.0,731333.3333333335,710715.94
100,425000,462904.7322894739,351000.0,402079.99,356255.5
101,245000,295122.25077226415,257500.0,255235.82333333333,260513.86
102,330000,374108.14974803646,450000.0,421323.0633333333,406739.44
103,210000,258473.24806516856,240000.0,218829.95,253314.58
104,550000,510847.36483734986,550000.0,550000.0,542499.06
105,750000,844473.0241722548,650000.0,678262.4999999999,738647.4
106,5150000,5149555.295970734,5150000.0,5150000.0,5.150506e+06
107,1250000,724200.6590201635,1300000.0,1149900.0,1.0512562e+06
108,2000000,1412183.4545129118,2000000.0,2000000.0,1.9966596e+06
109,400000,567223.3769369923,425000.0,392932.38095238095,382204.4
110,217000,276642.89689148875,217000.0,243863.32333333336,267580.03
111,5400000,4257717.336172191,5414814.814814814,5413569.948435293,5.4220155e+06
112,450000,463672.7529806929,388000.0,418860.8,424650.75
113,1295000,1164481.0190833376,1051000.0,1341589.98,1.380574e+06
114,229999,384803.92526067165,200000.0,263870.0,257235.38
115,755000,795542.4837661214,730000.0,774849.99,715145.56
116,140000,-2223.22753269691,160000.0,166217.5,155759.0
117,190000,175672.2665847059,265000.0,224030.0,180109.9
118,770000,740983.2965459058,675000.0,701390.0,740064.8
119,725000,724723.6268996563,600000.0,595049.92,611928.75
120,160000,103567.51265092485,185000.0,194564.64,209164.61
121,229999,214888.45801405766,229999.0,220949.44,192980.72
122,910000,825645.8551291806,910000.0,883150.0,879352.25
123,675000,536460.4151294535,720000.0,698499.93,647547.7
124,450000,675511.166665074,466000.0,507041.6083333333,467438.94
125,210000,147082.45835238334,250000.0,229089.93,201202.53
126,1250000,1960521.987868465,1450000.0,1187093.3233333332,1.03436856e+06
127,1000000,1059546.1543670422,1000000.0,1020960.0,986313.8
128,170000,89656.04534826148,170000.0,182153.2142857143,175445.67
129,221000,369714.0022204618,221000.0,247039.99,234838.1
130,280000,362276.52093586215,280000.0,284930.0,301187.44
131,650000,535036.602580189,600000.0,605099.98,592593.44
132,650000,694445.0223762322,650000.0,662390.0,686929.5
133,700000,598629.9017553617,700000.0,685437.9761904761,669381.5
134,480000,575065.379793318,660000.0,613195.7333333334,552738.9
135,375000,485261.77249268023,487500.0,506962.42,581870.94
136,225000,274503.0091622115,225000.0,234556.6666666667,211303.62
137,1050000,520977.01532582886,430000.0,409969.9,450013.28
138,215000,224591.77107404458,260000.0,207528.85095238098,205427.6
139,300000,-408613.4686806941,100000.0,183739.99,125858.36
140,720000,680405.3776072427,567500.0,577374.86,590214.44
141,626000,609555.4383755876,626000.0,528560.0,447637.4
142,650000,754355.7365168523,700000.0,663150.0,629219.6
143,700000,636330.3572856202,620000.0,573269.97,682034.06
144,500000,590290.9218218856,450000.0,466479.97799999994,509318.47
145,650000,621844.9893311844,650000.0,606630.0,566655.6
146,725000,742714.3753396359,360000.0,634376.6566666666,736493.3
147,434999,498785.4611000858,715000.0,572073.3333333333,530056.1
148,100000,-140270.25012708723,130000.0,126399.99,111954.305
149,150000,77021.33763178205,65000.0,101735.0,140364.02
150,374000,565571.8474428763,400000.0,406550.7633333334,408874.84
151,725000,665375.162751626,595000.0,609110.0,529635.44
152,660000,811806.7484573842,611000.0,673379.98,694555.75
153,450000,568055.7714334509,450000.0,392059.99,399682.16
154,122000,81176.44386120047,225000.0,151806.66666666666,139906.4
155,1200000,1155402.2687497821,700000.0,1003280.0,999696.3
156,1925000,2377095.0083822757,1600000.0,1567300.0,1.6310478e+06
157,650000,599622.9948589918,605000.0,591167.619047619,608919.3
158,1325000,1050347.648773887,1625000.0,1472620.0,1.2494556e+06
159,210000,255498.39789649413,252000.0,222199.74,224236.8
160,600000,384906.6953815113,465000.0,486799.87,501682.53
161,100000,-157557.48914205632,85000.0,114416.40857142858,97812.88
162,560000,705103.9666097985,555000.0,569650.0,622597.56
163,1050000,818466.7544810728,950000.0,941207.052857143,896464.8
164,625000,827179.0076972718,630000.0,682325.0,750938.8
165,285000,329095.36846266646,290000.0,312049.99,300222.4
166,370000,460488.2562426828,225000.0,319190.0,258434.8
167,440000,520495.02759554825,510000.0,498862.84714285715,532196.7
168,550000,506353.80931519053,425000.0,534019.965,458847.44
169,235000,195321.8673596505,200000.0,214405.0,227410.38
170,2800000,1162472.9070448831,1300000.0,1893660.0,1.5438284e+06
171,840000,668122.4999984624,850000.0,809389.99,819305.2
172,110000,-22501.692758272053,210000.0,212570.0,200826.33
173,500000,640233.3885775894,500000.0,528383.3133333334,542257.44
174,240000,132231.72648815688,200000.0,201660.0,220717.83
175,400000,471513.67137533694,450000.0,469666.6566666666,457271.75
176,1300000,1033304.2024048315,1200000.0,1154500.0,1.2303959e+06
177,2900000,1728874.0011494965,3200000.0,3111100.0,3.0396645e+06
178,780000,744780.9767410327,515000.0,613284.2857142858,719098.4
179,1019999,920562.8353154506,750000.0,866548.1933333335,862394.1
180,125000,136203.8508341107,210000.0,195210.0,220146.84
181,3350000,4200788.709583257,3350000.0,3800150.0,3.5193758e+06
182,550000,494201.70039183716,470000.0,535803.3333333334,527755.44
183,425000,492828.3168707514,500000.0,473074.9775,487853.66
184,265000,354210.015622591,221000.0,230780.0,232172.78
185,254999,336381.73375756864,254999.0,263009.33,272988.06
186,720000,555624.7210035408,720000.0,699283.3333333335,635146.3
187,484999,570626.3602013704,484999.0,511859.41,548295.4
188,320000,356921.4393246909,350000.0,366421.65666666673,332048.12
189,130000,109960.13128974498,200000.0,166116.64666666667,166810.14
190,339000,455187.33711169794,270000.0,296400.0,376656.0
191,411000,498103.2036557759,371000.0,394083.2833333334,396504.34
192,110000,141321.61578494537,135000.0,182009.99,164265.97
193,1227000,983419.049116872,1227000.0,1215080.0,1.2429648e+06
194,975000,929493.6375682456,500000.0,716300.0,906447.8
195,185000,180691.410008292,200000.0,199050.0,192593.95
196,480000,488388.7922221311,500000.0,525670.0,560214.2
197,5150000,5149555.295970734,5150000.0,5150000.0,5.150506e+06
198,620000,458778.30432859453,620000.0,633165.0,629047.2
199,300000,429860.0594101985,290000.0,332083.32333333336,276174.56
200,450000,549551.5772343058,450000.0,474299.98,474171.25
201,345000,623966.6950038739,345000.0,325550.0,327282.12
202,350000,297469.40130881005,290000.0,254122.48,254169.36
203,4090000,2889193.929380582,3300000.0,2650850.0,3.9287568e+06
204,900000,639407.8166190552,610000.0,660440.536060606,664368.75
205,400000,330304.7899395479,400000.0,284465.0,308647.44
206,1025000,920967.7188294332,795000.0,857400.0,983858.5
207,160000,134630.08036158152,183333.33333333334,187164.7619047619,183192.17
208,500000,678036.0166887383,500000.0,605750.0,648856.44
209,2475000,3208297.8155354867,2475000.0,2475000.0,2.474031e+06
210,650000,560405.3553373053,675000.0,669718.5714285714,629971.2
211,200000,176102.01965392876,200000.0,200575.0,200589.48
212,600000,602964.3570763218,525000.0,557323.3233333332,506853.72
213,290000,438924.10516234295,360000.0,396580.0,469541.97
214,140000,20441.18818303256,114999.0,119199.28,115462.14
215,250000,-87831.74329935061,75527.0,99501.61,116589.86
216,148000,83421.26216418028,160000.0,150744.915,106840.734
217,258000,372345.79815289,220000.0,249179.99,246884.25
218,220000,244075.98365355836,220000.0,230200.0,235287.44
219,250000,269089.7209213177,210000.0,252064.94,272179.3
220,210000,509514.0274234862,450000.0,546799.99,569288.94
221,250000,383493.011808221,350000.0,295559.97,263233.5
222,300000,391258.17539432185,409999.0,340033.1133333333,307425.78
223,365000,589086.7288431482,350000.0,437449.91,453186.03
224,200000,279403.4102078113,148000.0,181819.99,202678.48
225,55000,-49430.85292770143,150000.0,119719.99,66090.72
226,799000,879765.6533758359,400000.0,678739.99,799658.9
227,1300000,3712047.6883377642,1300000.0,1224000.0,1.1275785e+06
228,790000,731460.3030711714,860000.0,885072.44,887477.9
229,260000,206897.95222667424,295000.0,254973.28333333333,215814.47
230,60000,-131234.4055026509,67000.0,76648.59333333334,75743.94
231,211000,191486.88173720654,210000.0,244400.0,285521.53
232,1900000,1527317.6406981894,1900000.0,1786350.0,1.796804e+06
233,459999,688975.9574987453,535000.0,533170.0,588868.2
234,425000,518883.6370396436,700000.0,567128.325,540688.4
235,160000,135826.4368697555,169000.0,142510.0,139147.02
236,200000,153396.40764943353,190000.0,198749.99,196197.4
237,1150000,1031143.7676379662,1000000.0,1069350.0,1.00983775e+06
238,450000,504975.7348018427,450000.0,461860.0,451884.5
239,1325000,988036.6712517831,1075000.0,1077340.0,1.2283808e+06
240,800000,852340.0474574381,800000.0,790300.0,695576.4
241,380000,406385.19733832066,375000.0,383050.91126190475,421969.53
242,355000,362456.3911160712,380000.0,321199.995,300528.3
243,450000,524230.0509717732,350000.0,350383.3133333333,366338.75
244,150000,-98344.67929275893,120000.0,98337.58,89045.805
245,187000,143005.74587328412,187000.0,195050.0,214131.97
246,600000,806160.7815856775,560000.0,626459.98,640021.06
247,749000,748990.3405763373,950000.0,944436.3066666668,928850.6
248,570000,584462.1004084965,501666.3333333333,579060.8034166666,567693.06
249,650000,633481.4648742,615000.0,616663.3333333333,661400.6
250,600000,376485.8656574266,500000.0,506656.6366666667,525372.5
251,250000,90855.327790646,200000.0,191794.97,196571.14
252,3800000,3423736.439961835,3800000.0,3800000.0,3.8074152e+06
253,5400000,4257717.336172191,5414814.814814814,5413569.948435293,5.4220155e+06
254,430000,330612.94791705295,400000.0,419090.0,442942.75
255,105000,15831.222299263929,150000.0,129435.04,150166.31
256,250000,324151.58940122847,300000.0,255750.0,265131.8
257,2000000,1568221.0615435767,2000000.0,2081049.99,2.2440345e+06
258,160000,70900.07979663555,300000.0,266249.98,220650.8
259,2475000,3208297.8155354867,2475000.0,2475000.0,2.474031e+06
260,380000,511887.734853712,421000.0,393170.0,373341.84
261,750000,853249.9771692574,656666.6666666666,802219.9999999999,757217.5
262,350000,432053.2931071081,411000.0,385196.66666666674,378004.72
263,570000,900156.6223578668,550000.0,727096.6466666666,677491.75
264,600000,447037.2260746239,550000.0,544949.9,536502.06
265,70000,-4100.067025260301,70000.0,82650.0,118214.414
266,2475000,3208297.8155354867,2475000.0,2475000.0,2.474031e+06
267,335000,356596.8586818487,342500.0,339311.25,338451.47
268,250000,458139.33204217267,250000.0,264850.0,296979.5
269,450000,620391.0096997648,450000.0,450000.0,473082.16
270,800000,738620.5218226429,800000.0,778343.3193333332,772810.2
271,750000,954877.9646615086,665000.0,909359.9000000001,819536.06
272,5400000,4257717.336172191,5414814.814814814,5413569.948435293,5.4220155e+06
273,200000,228534.29573633266,250000.0,267960.0,162491.34
274,3200000,2891333.819232465,3200000.0,3200000.0,3.1998735e+06
275,500000,400875.4076056245,375000.0,407355.75333333336,415618.03
276,180000,167250.14211490582,229999.0,233549.38,232281.19
277,530000,481030.1209864826,530000.0,518003.3133333333,452999.62
278,350000,453193.89971809904,350000.0,383565.0,398170.56
279,1350000,996930.4031846869,1290000.0,1113804.9583333333,1.1338198e+06
280,90000,-200117.54098196246,118000.0,113810.0,114210.32
281,525000,651996.5474546191,325000.0,356449.96,381761.97
282,695000,740382.7852965614,695000.0,717059.99,719758.7
283,259000,226303.14765819575,259000.0,249720.0,254602.75
284,450000,426119.4570114113,500000.0,513050.0,517730.2
285,1500000,1667234.734493702,1500000.0,1796200.0,1.5480021e+06
286,425000,633707.9512647972,360000.0,494653.3333333334,477243.84
287,350000,536486.7798487295,350000.0,322599.95,353830.0
288,170000,19311.973370106658,160000.0,174002.9166666667,173821.55
289,975000,3485232.8945089825,750000.0,566869.9,781044.75
290,562000,547763.8051590957,608333.3333333334,600344.8611111112,507508.44
291,825000,800647.93040934,725000.0,721000.0,736195.56
292,1700000,1199299.4486797028,1575000.0,1653830.0,1.6994919e+06
293,1516000,1584374.7637935807,1825000.0,1692299.99,1.5459959e+06
294,600000,809124.6842777701,600000.0,600000.0,610141.2
295,270000,313477.54766102985,382000.0,303350.4761904761,257712.9
296,1300000,976114.994073086,1270000.0,1149930.0,1.2385559e+06
297,3800000,3423736.439961835,3800000.0,3800000.0,3.8074152e+06
298,5500000,4257133.001588685,5500000.0,5500000.0,5.494123e+06
299,830000,837024.3301635992,910000.0,791159.98,792412.06
300,525000,711113.7453664377,545000.0,581825.0,593723.5
301,300000,186220.06351955974,246000.0,205399.87,181392.56
302,550000,564017.9766864646,600000.0,633043.2933333333,733222.7
303,430000,389238.35019052296,430000.0,418671.4466666667,416161.8
304,440000,529880.919866796,420000.0,417912.0,391674.06
305,280000,200861.14709185576,180000.0,219247.41750000004,246769.84
306,525000,408737.2358979006,525000.0,466999.99,368661.34
307,300000,285453.7413566495,180000.0,220743.31333333332,245424.53
308,850000,881769.3350663824,695000.0,726247.8571428572,758648.4
309,710000,722558.7075001937,750000.0,779860.0,852423.7
310,975000,1089980.2225030703,1165000.0,1280929.99,1.4933885e+06
311,400000,486598.1864620888,320000.0,405150.0,408254.28
312,600000,485261.77249268023,487500.0,506962.42,581870.94
313,750000,798584.0156032905,750000.0,783823.3233333332,769082.0
314,385000,494480.4781141647,500000.0,551590.0,556750.9
315,204999,131402.02134869847,158000.0,165380.0,167660.89
316,625000,809245.6050813813,625000.0,648250.0,672359.5
317,380000,348293.27508107625,385500.0,381415.98333333334,356182.62
318,950000,839515.8064579428,1145000.0,1059844.5,975189.56
319,625000,558078.2190881647,503333.3333333333,516685.7142857143,492700.7
320,250000,-33308.47592934,120000.0,142849.98,155561.77
321,204999,131402.02134869847,158000.0,165380.0,167660.89
322,580000,557971.5441077315,560000.0,560768.3333333334,552514.94
323,110000,61957.19012207782,55000.0,134319.99,82515.25
324,380000,385747.702164957,300000.0,348720.0,373371.94
325,2000000,1412183.4545129118,2000000.0,2000000.0,1.9966596e+06
326,155000,-213526.84417381883,81000.0,99243.98666666666,75618.73
327,760000,739290.1692553402,825000.0,821396.1854761903,774879.0
328,190000,187347.98177804291,215000.0,212309.95,205996.6
329,575000,528589.5978703774,565000.0,495581.6475,465991.34
330,830000,793929.9700019454,830000.0,766245.0,722624.1
331,650000,519259.5688255396,600000.0,606499.97,578639.44
332,2500000,3478714.8870853484,2700000.0,2999399.99,2.8130478e+06
333,675000,791674.4909926933,600000.0,588400.0,646490.75
334,329000,305269.95639150916,275000.0,318030.0,312785.72
335,399000,560857.2618373052,521000.0,513001.5975357143,485815.97
336,500000,564302.9359904696,700000.0,470349.99,510730.12
337,411000,631074.8101675868,270000.0,331539.87,426127.22
338,550000,787790.2047251038,550000.0,559060.0,635217.1
339,150000,23094.7727662042,150000.0,165870.0,169020.03
340,400000,486879.6415064016,400000.0,381700.0,415337.94
341,500000,585433.6152405142,450000.0,450090.0,460524.53
342,1100000,835135.6050805858,960000.0,880660.0,840350.0
343,650000,596051.3944980206,600000.0,541140.0,463689.97
344,500000,429507.1885694579,550000.0,521729.959,528168.1
345,80000,-18156.88506742986,150000.0,120649.99,62129.523
346,450000,440453.8133641542,368000.0,364386.33333333326,376286.4
347,350000,364521.52725313377,325000.0,363599.98,352873.34
348,950000,877712.4360244547,950000.0,926350.0,965446.44
349,850000,970643.731145455,750000.0,777466.6666666665,835282.94
350,925000,873273.8318277407,1050000.0,962599.99,1.0121478e+06
351,100000,-97703.49696513067,85000.0,97740.09,103362.77
352,779000,765605.5153212993,779000.0,779000.0,775058.4
353,625000,829964.0889458833,700000.0,467159.96,465524.97
354,950000,851837.515061165,950000.0,932722.0,931651.94
355,190000,169828.92074965057,265000.0,224230.0,170253.84
356,5500000,4257133.001588685,5500000.0,5500000.0,5.494123e+06
357,225000,317728.9027844309,225000.0,225000.0,231521.81
358,409999,456658.2588060632,300000.0,310080.00000000006,338920.12
359,891000,912445.8848223514,1050000.0,994691.6666666665,980465.0
360,669000,633564.4707839999,590000.0,609420.0,656227.1
361,511000,608382.1882505683,720000.0,664508.3333333333,634213.3
362,210000,72287.2368634668,142000.0,146570.0,180572.9
363,170000,148481.29733830708,195000.0,214933.33708333335,223427.44
364,65000,-165326.04258669307,90000.0,85252.5,57609.383
365,229999,50734.6016452302,170000.0,185739.89,183088.11
366,595000,754791.034502985,550000.0,573260.0,628073.56
367,1000000,845905.1852198621,1100000.0,965083.3233333332,847741.8
368,786000,532634.1970722538,700000.0,664900.9523809524,651481.44
369,650000,688044.9827547643,515000.0,679934.7619047619,728651.44
370,1000000,2746630.246148932,2575000.0,1125960.0,517237.22
371,780000,623664.4668477887,863333.3333333334,821457.5,776899.1
372,175000,235141.1167490731,130000.0,162959.98,219011.7
373,600000,526338.3734306036,405000.0,469116.63,537224.9
374,1140000,899972.4825810852,1025000.0,965799.99,1.04490694e+06
375,220000,318849.33140528825,220000.0,217170.0,215724.94
376,416000,751202.9799848261,416000.0,527103.3333333334,526161.1
377,700000,762574.5203516843,750000.0,730307.142857143,673371.0
378,265000,240549.59987692226,200000.0,211569.99,218077.62
379,430000,346760.0766675164,430000.0,438582.83285714284,422559.62
380,925000,891361.7795333707,925000.0,960039.99,960457.94
381,438999,563719.635137191,435000.0,445160.0,482719.2
382,700000,746068.6676588097,950000.0,931459.85,935054.1
383,220000,429636.0881677651,250000.0,274549.98,254809.06
384,175000,-13667.120712610893,130000.0,143493.32333333333,136010.9
385,1050000,984397.0009575237,1300000.0,1133100.0,1.1094219e+06
386,130000,85292.12576042477,175000.0,178410.0,190223.89
387,160000,177094.9325695096,270000.0,257309.92,228534.05
388,450000,598085.6749436969,580000.0,570941.6666666666,559115.44
389,3200000,4040680.6266779564,3000000.0,2464309.9,2.3517802e+06
390,550000,652738.7327592693,540000.0,515964.86,486190.56
391,365000,227993.1664451225,350000.0,367686.65666666673,337699.16
392,225000,317728.9027844309,225000.0,225000.0,231521.81
393,919999,671761.2434744814,800000.0,774669.0476190478,724279.7
394,480000,541709.7985960104,600000.0,488806.4285714286,483736.4
395,150000,67104.98771795025,165000.0,162834.945,180478.69
396,330000,475915.6786671533,540000.0,532903.3333333333,476829.44
397,300000,145684.62030061497,300000.0,273210.0,204645.56
398,160000,69984.00784530037,185000.0,188189.56,192275.28
399,250000,175525.15832678805,250000.0,215941.66666666663,202639.58
400,700000,584581.4682197617,610000.0,658633.2733333333,664637.06
401,399000,621389.2891269388,390000.0,376428.0952380953,373181.94
402,250000,458352.5868346961,380000.0,324789.99,301478.34
403,700000,736410.3185697669,610000.0,604903.5614285715,615377.8
404,60000,-85639.17728129844,65000.0,82180.00000000001,61093.12
405,220000,238286.8286325314,300000.0,252299.97,228095.61
406,366000,618778.0412806341,366000.0,364290.0,379211.8
407,270000,263152.5717453615,210000.0,267031.3766666667,268247.7
408,170000,-34020.093532192404,120000.0,128853.23412698414,139719.66
409,2475000,3208297.8155354867,2475000.0,2475000.0,2.474031e+06
410,241000,309730.61535990244,275000.0,275906.61666666664,276159.28
411,270000,272677.1029559716,305000.0,291590.3333333334,252098.12
412,1025000,1087252.7803616864,1350000.0,1248699.95,1.3298948e+06
413,200000,383346.4885935684,350000.0,346910.0,338541.9
414,5200000,2733148.321696653,5200000.0,5288220.0,5.231305e+06
415,300000,394998.3686801302,280000.0,296200.0,329629.4
416,444000,411717.6168428513,325000.0,340553.33333333326,334860.84
417,655000,627721.1249489445,700000.0,687264.1666666665,654759.3
418,425000,567431.4074954671,700000.0,551199.91,524784.2
419,1888000,1383107.0800524256,1650000.0,1658550.0,1.5967178e+06
420,671000,549235.4677205872,480000.0,529650.0,540681.2
421,328000,369955.30893484043,480000.0,399249.685,401319.0
422,1525000,1055416.6901016443,1525000.0,1422280.0,1.4720494e+06
423,495000,368124.8988615225,310000.0,326260.0,327421.44
424,600000,527266.6089545324,675000.0,648323.33,571398.94
425,270000,281750.1502563486,229999.0,232849.64,222039.03
426,750000,618951.5042268911,765000.0,713292.5,573136.4
427,250000,306685.62059368176,325000.0,303059.87,286198.25
428,800000,735029.5341048149,800000.0,745688.2940000001,752269.4
429,911999,893193.9841776157,950000.0,949939.98,889847.25
430,150000,-84515.66620386485,95000.0,100311.65666666668,120307.91
431,645000,793837.5572534003,645000.0,645000.0,643122.1
432,310000,279271.2639704778,290000.0,324916.6666666667,326558.25
433,750000,725749.779482418,1000000.0,813030.0,698177.06
434,549000,828777.2360473284,500000.0,621032.2022222222,573352.4
435,600000,514775.72822105046,350000.0,346639.99,389443.38
436,340000,156100.8444283781,650000.0,322254.97,296296.22
437,260000,193732.4574766197,275000.0,262509.94,250286.5
438,245000,324719.472093686,229999.0,236589.44,255314.06
439,651000,594807.3234311086,625000.0,663560.0,681003.1
440,350000,366577.5108608064,350000.0,303150.0,319001.7
441,600000,809124.6842777701,600000.0,600000.0,610141.2
442,632000,765523.6332858442,570000.0,588210.0,609573.44
443,340000,595262.4404583507,450000.0,467559.96,520476.78
444,750000,848936.9088272449,750000.0,750000.0,748181.4
445,90000,-233875.99066950567,110000.0,99955.83333333331,95909.43
446,120000,-44039.8425242895,142000.0,135890.0,112092.516
447,111000,335824.53921080386,150000.0,168980.0,194167.97
448,150000,148496.06141043885,150000.0,169359.96,162749.38
449,160000,178936.27269168216,170000.0,191589.978,161179.64
450,650000,811838.9595130067,650000.0,650000.0,652713.2
451,250000,65209.76139992173,250000.0,218768.57142857142,240437.9
452,280000,291294.4350945279,210000.0,254499.99,270821.0
453,430000,346760.0766675164,430000.0,438582.83285714284,422559.62
454,114999,-16055.076007966883,130000.0,134228.33333333334,137839.97
455,685000,697375.5688478105,735000.0,712090.0,665598.8
456,2475000,3208297.8155354867,2475000.0,2475000.0,2.474031e+06
457,425000,467608.9313191332,600000.0,442379.95,427169.9
458,330000,477498.9206974933,320000.0,312291.6666666666,319443.9
459,235000,353914.1097122017,300000.0,303710.0,302908.1
460,45000,-116535.78125989123,45000.0,60976.66666666667,78127.43
461,450000,638062.2597755799,409999.0,355150.2766666666,379475.16
462,500000,648669.3913795801,520000.0,550699.99,429870.78
463,650000,724218.4026597176,710000.0,715394.642857143,739076.75
464,210000,95773.38221244828,170000.0,181289.98,185643.9
465,650000,474138.4516860865,400000.0,460149.95,515155.38
466,1500000,1042778.7629137398,1250000.0,1264084.995,1.2134202e+06
467,650000,811838.9595130067,650000.0,650000.0,652713.2
468,280000,262034.53230385046,217000.0,270771.7495238095,290310.2
469,600000,809124.6842777701,600000.0,600000.0,610141.2
470,650000,608221.7257684903,599000.0,578800.0,585700.75
471,700000,635058.6324081786,300000.0,403469.96,371061.22
472,409999,519947.231947202,400000.0,404740.0,368614.6
473,93150,-28468.72497150814,220000.0,237540.0,200752.05
474,650000,660176.766122235,830000.0,728239.99,676913.6
475,5400000,4257717.336172191,5414814.814814814,5413569.948435293,5.4220155e+06
476,375000,581621.5721181921,445000.0,392698.3233333333,430069.62
477,1630000,1576295.1820747298,1525000.0,1640750.0,1.5975955e+06
478,500000,747585.3123620045,400000.0,413929.91,513445.94
479,180000,242289.3397665695,238333.33333333334,237252.57936507938,229414.7
480,440000,496768.75825775904,379999.5,386499.6188333333,389406.38
481,550000,560730.3187250651,500000.0,508867.4816666667,534890.44
482,400000,428526.6419657302,390000.0,446045.69333333336,418487.1
483,275000,269320.64582435106,190000.0,304670.0,326561.1
484,550000,833334.667182923,600000.0,768230.0,820738.25
485,600000,747920.1673231713,700000.0,539316.4866666667,674009.25
486,215000,251672.55943929165,285000.0,322720.0,241993.1
487,600000,646503.6502761134,625000.0,618594.98,688404.2
488,68000,-85989.92325636267,100000.0,139319.98,105746.31
489,225000,81341.5025320903,155000.0,157750.0,167057.02
490,615000,732240.2179119921,611249.75,605955.0192182539,601816.7
491,500000,453684.3764162784,590000.0,534764.1566666667,498595.5
492,525000,1064976.8897850262,525000.0,620445.0,563032.7
493,265000,377052.3009256867,340000.0,287939.97,320892.47
494,335000,417039.941025168,345000.0,291144.8,336913.22
495,1210000,731294.6496438695,1050000.0,968424.2857142857,992745.8
496,244000,133870.5679035543,163333.33333333334,166779.99999999997,201167.83
497,300000,694994.8857080974,270000.0,323549.99,300113.2
498,850000,881769.3350663824,695000.0,726247.8571428572,758648.4
499,550000,761519.8645958782,675000.0,662800.0,648366.56
500,600000,646504.4040934953,615000.0,562910.0,611436.3
501,900000,1273946.851032104,1100000.0,1357700.0,1.03561325e+06
502,300000,498972.50032391225,365000.0,450448.27333333326,418196.34
503,925000,838351.6572084408,700000.0,848108.0952380953,910757.2
504,320000,276687.95910386805,180000.0,200229.98,218833.95
505,2600000,4133862.8468363667,2600000.0,2789550.0,2.6059135e+06
506,445000,625912.6881251386,445000.0,465079.93,432503.47
507,600000,809124.6842777701,600000.0,600000.0,610141.2
508,650000,799541.5655496031,650000.0,664050.0,653445.06
509,150000,50457.964061437175,165000.0,153510.0,147529.94
510,649000,754230.2992864946,425000.0,630296.6666666666,657492.5
511,229999,453975.61624343577,250000.0,257949.99,263243.1
512,484999,661888.3091745204,484999.0,503416.00666666665,557852.25
513,670000,668591.7112238986,670000.0,740519.99,737284.4
514,600000,658759.9903327427,650000.0,623808.9766666667,579670.94
515,361000,448464.3602019977,346000.0,339730.0,395023.56
516,575000,560989.689920811,675000.0,664987.1428571428,629971.2
517,749000,779424.603693811,630000.0,626029.8888888889,608206.7
518,690000,543654.9438371733,695000.0,698124.91,722268.9
519,690000,766371.6877149227,690000.0,698100.0,714105.94
520,1030000,796018.4744843608,810000.0,872630.0,868295.9
521,175000,119244.35135780275,175000.0,163349.99,169046.0
522,800000,1312724.911882646,800000.0,908800.0,812825.3
523,425000,534092.4490269222,430000.0,439964.92,441739.7
524,390000,532802.5927843237,420000.0,399946.7757142857,393117.28
525,802999,742736.3002964223,750000.0,735850.0,747089.75
526,220000,163880.7950969207,220000.0,221718.04916666663,203255.58
527,500000,601701.6560371877,500000.0,472659.94,485355.12
528,425000,439974.3565052778,425000.0,398500.0,393793.38
529,450000,620391.0096997648,450000.0,450000.0,473082.16
530,650000,778372.8014435009,600000.0,628167.2182222222,615669.9
531,415000,596590.5573771872,385000.0,399928.46642857144,455501.16
532,750000,722558.7075001937,750000.0,779860.0,852423.7
533,530000,446898.28150007944,445000.0,456994.95,475514.53
534,900000,823759.2711906838,770000.0,801550.0,865774.75
535,650000,453328.7172117992,625000.0,598469.91,572425.0
536,242000,442659.7759596733,242000.0,271269.98,317522.22
537,900000,796032.2487883368,950000.0,914950.0,923874.1
538,260000,269755.43003844394,260000.0,268639.0,252098.12
539,550000,576000.9876675673,575000.0,595479.1666666666,604148.7
540,267000,305902.79968216625,267000.0,277300.0,274743.22
541,2000000,1412183.4545129118,2000000.0,2000000.0,1.9966596e+06
542,250000,290922.4085910852,229999.0,234729.96,232075.8
543,450000,536015.0500805951,450000.0,456259.97,521219.25
544,170000,-13416.615766180446,108000.0,120959.99,110474.26
545,412000,513740.7535544257,490000.0,471510.0,474323.4
546,400000,490499.67431308865,375000.0,425504.97,429817.44
547,160000,237358.5931086025,215000.0,203768.41,216180.39
548,3800000,3423736.439961835,3800000.0,3800000.0,3.8074152e+06
549,1450000,2085892.7290701275,1450000.0,1839530.0,1.6585028e+06
550,515000,644116.4971642086,515000.0,555719.99,602874.4
551,1050000,776656.52592101,1000000.0,864309.83,839870.5
552,780000,695162.4005422775,800000.0,772005.0,724500.0
553,540000,577615.7056550008,540000.0,522664.24428571423,495872.06
554,741000,862694.2463050643,750000.0,781387.5,932941.75
555,98000,-72840.75620598532,65000.0,143940.0,108031.805
556,350000,452342.8145256966,285000.0,403449.98,408711.94
557,350000,517848.9174703584,450000.0,415930.0,356683.75
558,450000,329684.7123931241,432500.0,434150.5952380952,415647.5
559,1050000,905333.8978116206,1050000.0,1050800.0,1.0155459e+06
560,1050000,1025732.6383897122,750000.0,922629.96,977773.9
561,600000,617816.4701154925,650000.0,613604.1566666666,630329.9
562,750000,788718.4402490326,800000.0,773483.3333333335,722898.8
563,150000,168074.04802698345,160000.0,171159.92,174209.23
564,135000,141384.24471219425,140000.0,175320.0,208239.86
565,2500000,3910291.330400619,2500000.0,2405249.99,2.4564252e+06
566,178000,58730.227495071944,235000.0,192850.0,189008.48
567,400000,433531.9234474773,350000.0,391725.0,398131.78
568,120000,-110761.75462634466,100000.0,109830.0,76983.984
569,475000,331715.8652559213,434999.0,445299.74,444536.38
570,800000,809016.7848706711,1200000.0,869630.0,831808.56
571,362000,429403.22536555515,459999.0,362659.94,355431.28
572,631000,522092.6809290758,700000.0,671100.0,654259.75
573,400000,464717.55323864735,375000.0,375634.98,431516.56
574,540000,596165.4963244778,540000.0,538395.3571428572,499673.12
575,185000,202029.8162588668,180000.0,222592.41750000004,266840.72
576,275000,351318.0341267392,325000.0,286490.0,262508.97
577,860000,720112.7374505381,750000.0,741189.99,717501.2
578,180000,123352.54540045472,185000.0,184716.6666666667,191641.75
579,310000,361806.3787546843,350000.0,339209.96,308376.06
580,185000,223660.74469938467,300000.0,263759.88,209664.9
581,650000,679499.1292379732,650000.0,606090.8133333334,593501.44
582,75000,-189980.20252813073,99000.0,80726.14,89045.85
583,250000,36293.67619449389,155000.0,165053.54761904766,185382.16
584,450000,497158.732968446,350000.0,421699.98,364699.06
585,450000,620391.0096997648,450000.0,450000.0,473082.16
586,400000,449907.16559839796,400000.0,390249.99000000005,398102.03
587,280000,395428.85560514615,260000.0,234902.4525,209864.34
588,500000,534947.590521953,500000.0,504449.77,547780.0
589,165000,121891.04817418044,200000.0,187879.99,210327.58
590,225000,191946.0956473446,191000.0,241469.99,219282.64
591,300000,374651.3408931124,295000.0,285098.3133333333,300638.84
592,1550000,1979580.0902259462,1550000.0,1586416.566666667,1.5707542e+06
593,409999,327549.5936751721,340000.0,294869.95,335660.12
594,229999,324695.042087458,254999.0,238009.74,261677.48
595,200000,-40155.41664161871,220000.0,211320.0,193146.75
596,50000,-174753.9630749839,130000.0,96499.89,74190.305
597,300000,236079.87359262444,290000.0,284049.99,304419.75
598,616000,589683.4815783913,690000.0,688916.6366666667,657464.6
599,355000,204902.1455987724,380000.0,329412.5,297362.8
600,45000,-177113.95751912473,46000.0,55910.0,-12427.322
601,850000,718576.0627683025,725000.0,794231.031746032,774172.8
602,725000,704634.2052326127,725000.0,716100.0,690693.25
603,400000,416302.9174449609,172000.0,319384.94,295872.22
604,310000,329900.35244346637,385000.0,356508.80952380947,327795.38
605,350000,398096.09359664633,320000.0,431699.52,428971.47
606,710000,690750.0706804033,710000.0,737700.0,792100.7
607,850000,872638.8086519941,1140000.0,1060862.47,997917.7
608,475000,553096.3226962044,490000.0,527538.3333333333,531027.4
609,1445000,1100733.0100950028,1400000.0,1416940.0,1.3923288e+06
610,600000,636380.7409160807,600000.0,597996.6666666666,646885.25
611,2450000,2728781.0480038533,2450000.0,2302981.182121212,2.4336418e+06
612,630000,685688.8771776998,760000.0,707408.4126984127,704941.7
613,600000,795605.8058954733,600000.0,610350.0,658361.0
614,500000,553882.2758979056,490000.0,415501.55833333335,464381.6
615,745000,746940.4048313061,625000.0,634062.5,666522.1
616,745000,847106.0704967866,875000.0,869749.99,876852.4
617,81000,-307505.97451509733,120000.0,110320.0,53941.7
618,220000,249045.28477871313,220000.0,214199.96,236481.55
619,1748999,1470902.38790397,1850000.0,1789030.0,1.7076672e+06
620,990000,925362.5215326373,950000.0,1109990.0,1.1716924e+06
621,132000,745249.3625678987,390000.0,422310.0,410784.16
622,370000,292161.4030058033,350000.0,391154.99,326619.84
623,250000,249973.52030264202,200000.0,267699.99,227982.88
624,175000,124863.93329220073,102000.0,134036.65666666665,149639.31
625,1950000,3304738.712560611,3300000.0,2431807.5566666666,2.4235772e+06
626,200000,153315.51553403243,130000.0,168149.78,197405.64
627,575000,708983.2056198854,600000.0,623560.0,573858.6
628,650000,511078.45183264394,520000.0,527819.9999999999,561899.3
629,114999,137574.43396509532,220000.0,178279.98,169008.72
630,400000,510819.08063689806,490000.0,476008.33333333326,471406.75
631,2000000,1412183.4545129118,2000000.0,2000000.0,1.9966596e+06
632,240000,289976.5031704349,250000.0,237804.895,230909.62
633,195000,228768.6909925561,282000.0,217430.0,195687.56
634,539000,497965.7595832128,797000.0,701413.3333333335,552127.25
635,90000,-126319.29519152432,60000.0,60792.59,84636.08
636,250000,442088.5765700673,500000.0,610999.975,483552.56
637,280000,358011.0661352935,450000.0,391759.97,348187.1
638,760000,685810.8277534859,760000.0,717603.2539682541,741944.4
639,950000,796018.4744843608,810000.0,872630.0,868295.9
640,700000,678631.1398143792,700000.0,682504.99,670483.5
641,210000,149160.9001055064,220000.0,261219.99,195650.39
642,861000,795289.9016663916,844999.0,790626.0922857145,756901.0
643,900000,800097.5706763555,950000.0,928039.95,940946.06
644,725000,600251.9659481111,635000.0,598650.0,522212.78
645,465000,605238.2319521924,465000.0,466799.99,445100.03
646,720000,662508.8302074571,775000.0,802020.0,809452.4
647,300000,223866.342988569,300000.0,277799.97,274869.06
648,430000,576811.452601998,530000.0,617627.44,553274.06
649,722000,789931.5750671565,750000.0,746559.98,644955.75
650,530000,754515.8220836526,640000.0,689870.0,845052.6
651,900000,991202.1333064626,819999.0,897449.95,902050.1
652,55000,-410130.4455522342,70000.0,68770.0,73478.83
653,509999,738775.8578261413,650000.0,534731.6366666666,484280.88
654,950000,1055652.7835430603,1300000.0,1165068.2616666667,1.2231374e+06
655,380000,355939.4990186005,320000.0,307669.99,305902.06
656,670000,676998.3405921841,750000.0,739636.6666666667,778231.94
657,320000,366899.25216512266,300000.0,293026.6666666667,303233.28
658,350000,376739.88492217736,360000.0,360016.6566666666,391482.4
659,500000,584821.3554930078,400000.0,410080.0,442560.12
660,2450000,2492516.303392874,1898999.0,2204409.66,1.887244e+06
661,540000,613278.3741148408,528000.0,545923.3333333334,604824.9
662,680000,802095.8317360921,625000.0,613140.0,603395.9
663,1200000,935989.7421607883,1150000.0,1103176.6566666667,1.087797e+06
664,290000,294442.4762551807,295000.0,271479.13666666666,281956.72
665,3200000,1838678.4059355985,3000000.0,3539272.4513259707,4.2434845e+06
666,650000,616674.207851949,550000.0,613549.9999999999,632338.75
667,200000,258717.18297783792,240000.0,217649.95,189836.95
668,300000,639999.2730840874,450000.0,398609.98,474279.84
669,1800000,1785425.4589407207,1800000.0,1831160.0,1.7800496e+06
670,229999,142962.2596354026,200000.0,209030.0,197675.11
671,2900000,1632136.627868841,3200000.0,3131500.0,3.2583e+06
672,215000,117853.10050582269,215000.0,197990.0,194683.44
673,700000,597130.1093638022,700000.0,734269.77,707815.9
674,420000,282961.89079927845,295000.0,273339.95,268687.66
675,60000,-164784.27525266295,100000.0,92793.30333333334,76694.5
676,550000,408812.6796565677,500000.0,472477.99999999994,480841.72
677,525000,410475.5394228594,375000.0,391878.72316666663,421969.53
678,350000,470560.89907370263,380000.0,398939.97,432984.34
679,779000,765605.5153212993,779000.0,779000.0,775058.4
680,225000,200062.28221447498,207500.0,204431.64666666667,214493.44
681,300000,600779.5667063864,300000.0,314579.97,335136.47
682,620000,781257.3914675702,620000.0,597460.0,577685.25
683,840000,786677.5111686126,840000.0,808579.99,780268.1
684,520000,548181.2123850778,565000.0,568149.99,571600.0
685,3400000,3441079.218363036,3400000.0,3510500.0,3.5451805e+06
686,270000,316652.90878502117,135000.0,263979.96,285911.6
687,399000,595495.9431210965,450000.0,440666.532,521736.22
688,160000,288663.8574768317,160000.0,181499.96,181854.64
689,5500000,4257133.001588685,5500000.0,5500000.0,5.494123e+06
690,1100000,880064.6842393505,800000.0,937245.9323809524,931694.9
691,265000,380451.96446014725,290000.0,298340.0,320589.03
692,295000,250931.0366704595,283333.3333333333,282860.2380952381,278800.66
693,265000,392019.87565396994,240000.0,254529.84,313169.25
694,95000,58541.052788372384,135000.0,177219.99,148199.52
695,620000,489257.4667653418,620000.0,580802.0128571428,594494.25
696,520000,517591.2396819275,459999.0,532549.66,527851.6
697,200000,229905.94303035416,265000.0,246345.81,209785.4
698,1050000,984397.0009575237,1300000.0,1133100.0,1.1094219e+06
699,420000,388222.0246593295,420000.0,431329.97,435081.3
700,1925000,1428551.140095885,2064000.0,1740140.0,1.7341675e+06
701,150000,-107256.28775966715,150000.0,144099.94,177495.36
702,200000,83158.45501840871,245000.0,197970.0,198481.72
703,560000,769039.2347020982,1265000.0,931660.0,744216.2
704,750000,809653.1177662007,750000.0,816510.0,904525.7
705,450000,1233140.440384209,168000.0,502569.95,431738.2
706,430000,467590.42556585534,375000.0,417983.33333333326,467124.94
707,445000,573747.7992554111,445000.0,454250.0,491499.72
708,1650000,1432640.5854622354,1650000.0,1823700.0,1.6815862e+06
709,225000,288216.8262449643,250000.0,287916.6566666667,267788.0
710,740000,754924.7812221519,740000.0,740000.0,734581.3
711,350000,380014.55418425676,300000.0,285175.0,360079.53
712,700000,730353.8151114132,700500.0,680743.5,613655.6
713,441000,638221.0708374899,450000.0,497599.9,448545.75
714,690000,590664.7013280632,500000.0,442670.0,439997.56
715,350000,365085.03203277,250000.0,313909.98000000004,291767.8
716,400000,284578.7814188804,425000.0,277493.29333333333,274359.97
717,480000,3554316.756986144,1500000.0,1086550.0,1.0746799e+06
718,270000,333346.79719032045,246750.0,248121.77380952382,269297.47
719,160000,14194.67995967425,160000.0,137266.66666666666,123660.08
720,400000,400149.00813533587,400000.0,379905.99,440887.84
721,725000,695590.8370156866,725000.0,721399.89,706145.9
722,278000,508198.28619738173,300000.0,328187.98,402279.34
723,150000,134924.9929923261,150000.0,153410.0,104587.16
724,250000,344457.85223213997,250000.0,244949.98,261338.23
725,844999,780954.396645986,844999.0,825489.3,790227.7
726,675000,725492.9216647614,675000.0,667110.0,677293.2
727,120000,94424.5446845293,110000.0,140879.99,131083.39
728,300000,294998.92892357113,270000.0,289488.57142857136,282982.5
729,1950000,1431243.715921368,2100000.0,1836919.97,1.8576216e+06
730,200000,240549.59987692226,200000.0,211569.99,218077.62
731,229999,48528.70254538325,150000.0,185590.0,178278.78
732,175000,194930.73485850514,120000.0,177716.66666666663,180428.98
733,285000,703045.1375658395,339000.0,329154.99,372727.25
734,325000,102459.96859454538,220000.0,288699.94,265302.34
735,250000,237282.92606998998,200000.0,227359.98,233297.38
736,620000,639926.1194439997,484999.0,535999.89,554603.25
737,100000,31197.31961570552,120000.0,138951.76,155790.7
738,750000,850316.3700073102,677500.0,690779.1666666664,739213.2
739,265000,390570.04667781515,347000.0,378720.95238095237,344978.44
740,370000,380120.1616847898,425000.0,328749.99,382350.06
741,300000,289278.9049372088,210000.0,234599.70428571428,260179.84
742,120000,-45003.48787064757,70000.0,101293.52,101123.02
743,70000,-116908.64845909702,65000.0,130557.02,108031.805
744,650000,811838.9595130067,650000.0,650000.0,652713.2
745,3800000,3423736.439961835,3800000.0,3800000.0,3.8074152e+06
746,350000,430670.5713781598,330000.0,310409.99,329119.2
747,310000,353798.5076130141,290000.0,293882.5833333333,293376.94
748,430000,442515.39037368866,495000.0,451549.96,455400.56
749,360000,564337.4016574456,550000.0,444399.995,478302.38
750,300000,278520.4487910269,250000.0,254489.36904761905,254166.95
751,350000,374365.82013489533,220000.0,271313.3333333333,322131.25
752,700000,652160.6596019351,695000.0,667276.380952381,623031.5
753,180000,209763.3966348371,160000.0,169829.97,195255.72
754,600000,517035.3099250726,600000.0,576106.6666666666,552852.0
755,600000,517853.86145438603,600000.0,596550.0,576231.94
756,300000,428396.7919179177,305000.0,304481.6666666666,307035.12
757,650000,595681.6058536638,800000.0,715750.0,650461.75
758,320000,397816.28023568285,415000.0,474890.81333333335,482151.9
759,700000,498386.52223933523,475000.0,619976.6166666667,551536.9
760,240000,366917.98837497755,300000.0,272724.94,283871.22
761,1700000,1362412.5711395354,1380000.0,1512250.0,1.4820709e+06
762,699000,633564.4707839999,590000.0,609420.0,656227.1
763,600000,355979.76865087304,500000.0,465038.0852380952,450188.56
764,550000,301518.221516593,350000.0,347574.99999999994,327254.7
765,1650000,1315271.4791057804,1650000.0,1733549.98,1.664621e+06
766,380000,452741.6273351347,600000.0,547008.1733333333,483395.53
767,380000,397074.2545927033,450000.0,414940.0,372894.5
768,850000,726269.5291728205,812500.0,812829.3650793652,787812.06
769,297000,109214.45470625826,210000.0,244829.99,233975.17
770,391000,358987.79960229347,400000.0,428201.63666666666,416366.34
771,250000,486832.6376274192,350000.0,298300.0,275794.22
772,210000,236341.9608190547,220000.0,219460.0,204093.14
773,558000,715856.9094551678,680000.0,687054.557099567,727228.3
774,465000,519983.57092026493,360000.0,487943.3233333333,466276.8
775,375000,385543.25141685153,360000.0,426449.36,417430.88
776,600000,828025.3179768688,925000.0,754609.84,634984.06
777,155000,-119890.28150373034,65000.0,144231.66666666663,164978.27
778,650000,649285.6090959556,735000.0,712710.0,704295.94
779,140000,-32717.488458383712,110000.0,124618.42666666667,133854.75
780,2475000,3208297.8155354867,2475000.0,2475000.0,2.474031e+06
781,450000,461302.60279340675,625000.0,599819.99,551598.4
782,335000,500482.5934262311,335000.0,337450.0,374051.97
783,484999,597840.458015257,484999.0,474114.34,445110.75
784,246000,376995.811739465,246000.0,265019.99,272118.66
785,500000,674371.1245893257,466000.0,507041.6083333333,467438.94
786,220000,528791.9073618092,450000.0,395501.6666666666,468809.97
787,220000,190404.88717428857,227499.5,228105.79916666663,298390.47
788,240000,272322.3150820467,200000.0,218200.0,212991.75
789,350000,181587.93585798878,240000.0,296929.83,288513.94
790,450000,449908.04442487186,430000.0,432026.6438095238,426802.84
