title,img,url,price
Apple iPhone 5s - 16/32/64GB - ALL COLORS Unlocked/AT&T/T-Mobile A1453,./eBay_files/s-l960.webp,https://www.ebay.com/p/804675902?iid=125654714303&var=426681764836,$44.99
Apple iPhone 12 64/128GB - Fully Unlocked AT&T T-Mobile Verizon - All colors,./eBay_files/s-l960(1).webp,https://www.ebay.com/itm/386936766515?epid=25041703781&itmmeta=01KVYTMZNB8MAVH6QN9PZ99344&hash=item5a173a8033:g:fe4AAOSwVkRmIHzv&itmprp=enc%3AAQALAAAA4DKQclQvzFwZQpmMrsO4LuqtqiBRS9IPy67MwDdNlgVLbjpmZm7AaNj%2FAIzZIi9ANK1E11ZL6m26myOSp%2FtzhVIFzkBQJHjUTAqOgAfcHbTS6EL%2BzFdaiTXq8g237przKfrurG8aT3l996Yco5YaAkkHMmC0q4DKzv%2FI2J2bZSL%2F8JjVjYyR4m6CX9Aw664cJvtnFoypZ5EobsH94kb55irjfMVoxHCK3HlUBO4p2F7eCu8%2BYihD6jNbQ8LcHL2Ba8GCCyHCTQYa8xAj9QR3wabGGHemm5M%2BHGD0k0pvAh8i%7Ctkp%3ABFBM6vrT2t9n&var=654209735321,$141.00 to $226.00
NEW Apple iPhone 16E (2025)  Factory 🔓 Unlocked - 100% 🔋 Battery 128/256/512,./eBay_files/s-l960(2).webp,https://www.ebay.com/itm/267251710138?epid=6075293020&itmmeta=01KVYTMZNCV3XE1AP5VRG0HYAR&hash=item3e397178ba:g:-YoAAOSwoHloJhTf&itmprp=enc%3AAQALAAAA4DKQclQvzFwZQpmMrsO4LurMfQvwNWOgFTPwIcpiDb%2BJZBt5ig3cqpjayrTR5GyxnXGZ1bv%2Fot0%2Ff4Arxkm%2Bs3jjNVg3FHEvkrUqzPlwqsrhlt82YCrw0P3dOQTYG2jc6uo3BGiqmhjK99lYJnJwTIcW4yDxJ5ZaG2tp43qU2S31zWSAQcmUxZEZpE1xCv4a3wRLPsuiyJCBy0gzLvkPcxr%2F87Wa3a6CjB3PCUSywaPt2OjeD64E1NXVxHVZkSebKteJpn6X%2FFQx83xSuWkMG2e7lpTNgzBVuhNiBtk7Nx5I%7Ctkp%3ABFBM6vrT2t9n&var=567037639499,$469.00
"Apple iPhone 14, 128/256/512GB, Unlocked - Refurbished Excellent",./eBay_files/s-l960(3).webp,https://www.ebay.com/itm/236252609483?epid=2327306603&itmmeta=01KVYTMZNCJ12N84NDSRT2ZDWR&hash=item3701c0bbcb:g:tzUAAOSw1p5kB1Fw&itmprp=enc%3AAQALAAAA4DKQclQvzFwZQpmMrsO4LuojrQrWjvMRbknhahk4PNKgOsKwTOg%2BEBkyS7YYXcBKwu72Kf%2FQ5q2QXIWeCl4%2F8jwdynN1c6aOocsJaHLqlA6jRnzVNZ3PzaQqjN5kdvCT%2FWETGBgxVaRa3B6gCiX8qpKToKDPVyVsSNPRSus3gBas%2BvYTkU8rs9UxoOzqdOeSPyembqpc03pgEhUInJJpQTLz0L8SgYLl%2Be1D5cM1Q3Pkwor2jIzOfnHGZstI3VHx7jzzFbc5odqW8%2B4MDQmKSiKSfB43wZpTjr2Eoh3O2Y%2BI%7Ctkp%3ABFBM6vrT2t9n&var=536813160330,$359.99 to $469.99
Black Samsung Galaxy S23 Ultra 5G SM-S918U 256GB Factory Unlocked ❖ New,./eBay_files/s-l400.webp,https://www.ebay.com/p/23059054247?iid=366382835443,$379.99
45W Super Fast Charging Type C Wall Charger+Cable For Samsung Galaxy S20 S22,./eBay_files/s-l400(1).webp,https://www.ebay.com/itm/376165074557?itmmeta=01KVYTMZNCGXZ1KJT1GARHEJ11&hash=item57952f867d:g:7ZQAAOSw5WxmPDDJ&itmprp=enc%3AAQALAAAAwDKQclQvzFwZQpmMrsO4LupR3oQWHRrq85zLXXv7gKPGEuia0CIP%2BERP93ksfOi1inkR0Z2imtMAXODUZ5t8QnoxWZXvtO1VHfcCnfIjCcuI62coKv8VhxMDar%2BNhrXm1FmdLbpvUaVZBgcVHKqddxZ5Wkw4Gn2%2BNdB8NXqyrQ%2BoL2%2BoiF5%2BJjwD7s3W1pD16igab1V71t4RFsgDLxcE7kRHNjHe%2B70%2Btmape6EpbXFeTtC4DmeoRwAoYSg8uA555g%3D%3D%7Ctkp%3ABk9SR-r609rfZw&var=644901241765,$0.99
Samsung Galaxy S23 Ultra 256GB SM-S918U1 Factory Unlocked - Excellent,./eBay_files/s-l400(2).webp,https://www.ebay.com/p/10059052247?iid=116285984225&var=417211256157,$389.99 to $419.99
45w Type USB-C Super Fast Wall Charger +6FT Cable For Samsung Galaxy S23 S21 S22,./eBay_files/s-l400(3).webp,https://www.ebay.com/itm/355805042031?itmmeta=01KVYTMZNC8JDPWZJ85NF7CQDT&hash=item52d7a2156f:g:MzYAAOSwBKRmclU-&itmprp=enc%3AAQALAAAAwDKQclQvzFwZQpmMrsO4LupspWSDdCmBXb329iYeXSiK3pfuCyrCCRaLRpzAZ%2B%2BqAYa07Hw507Ip1VdLcNK27AMl6hem7gFz4AkxCUqEc5RRutE46cWBOD8RYLkrGVWMddeSyyIeGa1s9ACYO1AUVdmzgjEB%2FpOTtK9Hf8Kf5%2FPKukjWZKX5LxPMLryVvS2RWBv95%2BslOFbrDqQd3EVll04IdzOqAKjWVk1podR4c7OpqF1Bd9AkeQw2mAr9LP9Cwg%3D%3D%7Ctkp%3ABk9SR-r609rfZw&var=624878714445,$1.59
Apple iPhone 12 64GB 128GB 256GB Unlocked Smartphone - Good,./eBay_files/s_1x2.gif,https://www.ebay.com/p/2336047347?iid=156833155405&var=458248164832,$174.99 to $229.99
Apple iPhone 13 - 128GB/256GB - Unlocked - Mint Condition - Free Shipping,./eBay_files/s_1x2.gif,https://www.ebay.com/p/7065011220?iid=389923718241&var=657161573903,$189.00 to $291.00
NEW SEALED Samsung Galaxy S22+ Plus 5G SM-S906U 128GB/256GB Factory Unlocked,./eBay_files/s_1x2.gif,https://www.ebay.com/p/11052276340?iid=800110330579&var=657282060586,$230.00 to $275.00
NEW Samsung Galaxy Note 20 Ultra 5G SM-N986U1 128GB GSM+CDMA Factory Unlocked,./eBay_files/s_1x2.gif,https://www.ebay.com/p/6071480656?iid=389706203475&var=656993158391,$250.80
NEW Samsung Galaxy S22 Ultra 5G SM-S908U 128GB/256GB/512GB Factory Unlocked,./eBay_files/s_1x2.gif,https://www.ebay.com/p/26065011079?iid=366394426147&var=636162798941,$272.99
Apple iPhone 12 Pro Max 256GB - Fully Unlocked  VERY GOOD Condition,./eBay_files/s_1x2.gif,https://www.ebay.com/itm/326344971243?epid=19041715477&itmmeta=01KVYTMZNCCVW8ASKN4ZYF2J3S&hash=item4bfbad13eb:g:NaMAAOSwaSFlezVR&itmprp=enc%3AAQALAAAA4DKQclQvzFwZQpmMrsO4LuqAFdeytcphzeUjclnlKPrMM6dy0QgcroNefsm2xm%2BVqai0213L%2FtcVDRVDjjsEh9RV3eYz5ESUQsv6toK7Spk2CWHjxFTih%2Bjf6SYiR59YSX33QxXAJ47KtO53Y2CpdqSvL%2BvED1HO1U%2BP%2FGIyH29DrryLezO3XrLVESWnjeQOiQYtZVItKE7XvpJQmNAnRp%2BpMiDvsbDAHHKmRK99P6rIH1%2FAHI%2FHXEiGu6QGOXC97QHORRQQX8XLCWcXHAhRQzeZJ0%2BBz765tx3iXFOPj7Ys%7Ctkp%3ABFBM7PrT2t9n&var=515468729072,$359.99
Apple iPhone SE 3rd Gen (2022) 64/128/256GB-Unlocked -Refurbished Excellent,./eBay_files/s_1x2.gif,https://www.ebay.com/itm/236252802371?itmmeta=01KVYTMZNC5S4PGR7HBSCB6P05&hash=item3701c3ad43:g:lK0AAOSwSeFkGfyu&itmprp=enc%3AAQALAAAA4DKQclQvzFwZQpmMrsO4Lur%2BaEmb%2BbqEfpvCT0pcFZCBsYMjpuhZa9jjjK5NsCnr4dFTVYoOwehWAYJL1NLqqNrIjPfgON3ufUMf8A6YkH6NHYUvzbWQa2GRAHckERpVRLlYLRD%2Bp1N3Z5DFSngSHEulUYZBO2%2FDU63LMl54oPlLw7eQndp221BZ1cbUjbyYZp40SOjiARnduEKaORIXjYTompp97znNy38XL8SeUsJYrCKKGz2eBPNCVzYNsHhDenLquYFGX9sF%2BZtXYrQBl4zSRCspstxYQnlg6y0ajTdN%7Ctkp%3ABFBM7PrT2t9n&var=536813118479,$149.99 to $199.99
"Apple iPhone 12 Pro, 128/256/512GB - Fully Unlocked - Refurbished Excellent",./eBay_files/s_1x2.gif,https://www.ebay.com/itm/326721928692?epid=7041718861&itmmeta=01KVYTMZNC83XWQ5NDRN402702&hash=item4c1224fdf4:g:HlMAAOSwjzhkCfsi&itmprp=enc%3AAQALAAAA4DKQclQvzFwZQpmMrsO4LuqPkElfBzSMpPXg6KkGeOL1%2BJNiHcWoPGshEBjssqZiVfu%2FYi%2FTu77s1ZakSG1hdUF9yf%2FNxBCR1dRn5rOrWxFyURaBELo8alb8u%2FyQYfMPNUQXA%2FhwYSSf0HOszbNK%2FPHpg4rM%2Fjy%2BkipVVttMjIXyMgAIPxMZV5Kj14y3xTl3cs8ANic%2FxWgz7KLeeE2FOJgENpByI5QGTZnTiNbqyZp1Ztps1N%2BXPw9QuMNWInS40gyNcczloZTZn5zhqUBKETdwoHaZhpxuHGFtR1YUaPc8%7Ctkp%3ABFBM7PrT2t9n&var=515734602118,$334.99
Samsung Galaxy S22 Ultra 128GB S908U Unlocked - Good,./eBay_files/s_1x2.gif,https://www.ebay.com/p/26065011079?iid=256412927142&var=556527734246,$268.99
NEW SEALED Samsung Galaxy S20 Ultra 5G SM-G988U1 128GB Factory Unlocked,./eBay_files/s_1x2.gif,https://www.ebay.com/p/26036898493?iid=136978614145&var=435436354212,$212.00
Samsung Galaxy S22+ 128GB S906U Unlocked - Good,./eBay_files/s_1x2.gif,https://www.ebay.com/p/3065006932?iid=255803826545&var=555925514141,$153.99
"Samsung Galaxy S24 Ultra (5G) 256GB/512GB S928U Factory Unlocked,New & Sealed",./eBay_files/s_1x2.gif,https://www.ebay.com/p/7064930794?iid=318199900203&var=616735835408,$622.55 to $706.55
"Apple iPhone 5C - 8GB, 16GB, 32GB",./eBay_files/s_1x2.gif,https://www.ebay.com/itm/164946580228?itmmeta=01KVYTMZNC7W7RT78ZN468EDE8&hash=item2667951304:g:6gEAAOSwsLNjm5Vs&itmprp=enc%3AAQALAAAA4DKQclQvzFwZQpmMrsO4LuoGIJ7pO8DiCh21%2BXxW3OlxiQayqIQrzXXmfDoLoAc5jQJk08m9%2Bmn6icH63V7XkuoiIQ9%2B0wRLxzod43hA1humqqloMFU%2BfijVjAbfjzILlYY3P09CClkqgDKNcUavRwgqxFOopyP1FjirhWm3QgNM2bJU4A1Igc5hVJI4ISorg9K7D6aROASiMjhLDA1LLqtr8A7c01Jp69rlHDQrP1xJnTPxpD%2FnrtnSOs0ZQjEj%2Bd%2FmEUr%2BU6hwr0%2FbxWicSbClkVW8U4fC25RqzUDPLsSP%7Ctkp%3ABk9SR-z609rfZw&var=467916332420,$34.99 to $39.99
Apple iPhone 14 128GB Network Unlocked Very Good Condition,./eBay_files/s_1x2.gif,https://www.ebay.com/p/20056257992?iid=355095070816&var=624350343870,$298.99
Apple iPhone 11 Pro Max - 64GB 256GB 512GB - Unlocked AT&T T-Mobile - All Colors,./eBay_files/s_1x2.gif,https://www.ebay.com/p/10065009695?iid=127719744784&var=429116426883,$189.99 to $239.99
NEW Samsung Galaxy Note 20 Ultra 5G SM-N986U 128GB GSM+CDMA Factory Unlocked,./eBay_files/s_1x2.gif,https://www.ebay.com/p/9040080100?iid=147394318441&var=445770494454,$199.99 to $205.99
Samsung Galaxy S23+ 256GB S916U Unlocked - Good,./eBay_files/s_1x2.gif,https://www.ebay.com/p/3059049812?iid=256372558330&var=556609785242,$258.99
45w Type USB-C Super Fast Wall Charger+6FT Cable For Samsung Galaxy S23 S22 S21D,./eBay_files/s_1x2.gif,https://www.ebay.com/itm/398013161158?itmmeta=01KVYTMZNDRKB8PFVC9DE9XGG6&hash=item5cab6edec6:g:yxwAAOSwP~RoWNC6&itmprp=enc%3AAQALAAAA4DKQclQvzFwZQpmMrsO4Lup8tMl%2FKyHU3fDDeZc%2BhGuFc2s8nzooKbcdO457myGPEvage6%2F2hKpE3ilAMQlfB%2B1ECK3Y%2Fy6g8u6Q092LtRtTGWWOXnhqIashvvWG%2FMofdVMcEoxEbCsBvzlKr8Gm5vBpgHdlTmx9oxP%2FP8mnCZfVQBLa4LltSzzBy1QCHqqJEXcjcJ0dmyvW%2FWhbNNdqR%2F2xY8OPEXvag9CJHFYSpVK7xoUkoGNZqSQZgijkj%2BfPXZ6xs0m7d4Ulp1sGD2Iqtp5LrpA%2BJDYdbIO9eVXE22Kb%7Ctkp%3ABk9SR-z609rfZw,$2.10
Samsung Galaxy S22 128GB S901U Unlocked - Good,./eBay_files/s_1x2.gif,https://www.ebay.com/p/3072579174?iid=255865325274&var=555803153093,$143.99
Apple iPhone 12 Mini - 64GB 128GB 256GB - Factory Unlocked - All Colors,./eBay_files/s_1x2.gif,https://www.ebay.com/p/13064995519?iid=126851504435&var=429116209981,$119.99 to $164.99
Apple iPhone 11 Pro Max 64/256/512GB Unlocked - Refurbished Excellent,./eBay_files/s_1x2.gif,https://www.ebay.com/itm/236252720404?epid=13034214311&itmmeta=01KVYTMZND8DM349QQ46WD5ZYY&hash=item3701c26d14:g:ufUAAOSwff1kQwEh&itmprp=enc%3AAQALAAAA4DKQclQvzFwZQpmMrsO4Luq%2BtPEQb9OERCZRHAcn2vTKz9bPba3bp42x3B3%2FyMvIJPPsHr8UHzJ2i5QXq1sUJHuTfWQX3R3haU%2BWTAmcHyE3hHBH9m4w%2FA9Xd4QcSiZ192c7RA0Snqcd9thUjuK8aGcwlD0nZ65i8iXbJQTamfrk4P5xGKjiUj%2BYJwAiQD0%2FtkZw%2F1ofcTwYJ8gNm%2B1cv7TTS6F3HSPxU%2Fu5JMF0vKJ5unEOSrxfvdSE12pgzYv9f2Sqm3pi6nbH%2FMs0E702pQxd0Lw8Hr99NgGCndoKVtX%2F%7Ctkp%3ABFBM7PrT2t9n&var=536813185547,$254.99 to $314.99
Kyocera DuraXV Extreme E4811 KOSHER Rugged Flip Phone Unlocked HEIMISH FOR LESS,./eBay_files/s_1x2.gif,https://www.ebay.com/itm/318458575297?itmmeta=01KVYTMZND4B5SJ0GN6GBJV4EN&hash=item4a259c39c1:g:Nk0AAeSw9XlqL-e3&itmprp=enc%3AAQALAAAA4DKQclQvzFwZQpmMrsO4LuquIsWOidYnKQG8McMUyNkeaNHuPBdleITaEqElZmER360vKWvw--jf2CwocvtMBkyh5qt%2F0PeCiKiV8dcPK3VU0GQl%2FSaubUdM%2F%2BplSPIlA6u1%2Fh7kyPzQaVVChUmsOfarDqglQr6ONtlaLMRxA%2FQOv%2BzC9SfGi6XffTMXec%2B2qJOls0Ge9alJBrKvJ9VHdoLOANhz7lE8IOFCsyD8MupI1jArr0FGoRYjuylbL%2FK%2BdqcGOyD2IBHq8QCozGYeS0Q8vHJW9koBXMRKQz1vUjVr%7Ctkp%3ABFBM7PrT2t9n,$149.00
"Apple iPhone 13 Pro Max, 128/256/512GB/ 1TB, Unlocked -  Refurbished Excellent",./eBay_files/s_1x2.gif,https://www.ebay.com/itm/326721891882?epid=25064991467&itmmeta=01KVYTMZNDVP0W1X5Y4JMJ0QHN&hash=item4c12246e2a:g:gVkAAOSw2VdkCd4I&itmprp=enc%3AAQALAAAA4DKQclQvzFwZQpmMrsO4LuoDr%2BrMRrMgMWmP%2FwZEbMYERh%2B%2Bi9J1fK74iU5recCNi5DQ9P0cMJTVtFX1JmSTpJVIfdkNfEgvEOoGkD82IUssvOjENOCaQlR%2BBb%2Bv8SiBLV187llQROgYWWn3YNDAeqIOdP7uCPuB83Yot%2FnQMstgCIPoClSP1wK0jYiLeaUX0drzrPSuvI1xjL5j6FKQliD%2BswGqLsF%2BP%2BhWtTWpChF46vAw6fE7ieuMoZ5xce196FzchtpHHvBXVhtgKdy%2F9mRo%2FPyk7drOXrpQJ%2FfwZ4QH%7Ctkp%3ABFBM7PrT2t9n&var=515734388645,$499.99 to $539.99
"Apple iPhone 13, 128/256/512GB - Fully Unlocked - Used - All colors",./eBay_files/s_1x2.gif,https://www.ebay.com/itm/235272916954?epid=12052764234&itmmeta=01KVYTMZNDWBGHWN7MRXGJHTXN&hash=item36c75bcfda:g:sMQAAOSwcSFkCfCZ&itmprp=enc%3AAQALAAAA4DKQclQvzFwZQpmMrsO4Lupe9sPh7MMkH2pu1OlNSm2pZrqczlLwibVBbL7SxH5vE1%2BfKoqyPif%2BNs4FTNu1TzCF15Qbt348D%2FLe2huc2VAWr9ta%2F8mGsjOmLmXwQrxmImsZZbTykpBx%2BkiOeB%2B7yxqIXnVDGt5YbMGZTk2UY2gSZ5ZcNW63%2FkHHPNTQl3yagmvUxXKuOz67ObrkjiziQO1UhYFKSvj3oSXqX5rYR0oVwEQzv1NhqJbHT6mgpII5gR2QN4NjaiFQt4nq9QNmPG%2BpZ%2FqYEMt3%2Fr4pLnqaMEYb%7Ctkp%3ABFBM7PrT2t9n&var=535311898163,$249.99 to $294.99
New Samsung Galaxy S23 5G SM-S911U1 128GB/256GB Unlocked Smartphone Cell Phone,./eBay_files/s_1x2.gif,https://www.ebay.com/p/5065009608?iid=406007429313&var=676313396547,$299.99 to $369.99
Samsung Galaxy S26+ Plus 512GB (SM-S947U1) UNLOCKED! $1299 Retail! BRAND NEW!,./eBay_files/s_1x2.gif,https://www.ebay.com/p/10093895225?iid=147317654461,$893.00
Unlocked Smartphone - Android,./eBay_files/s_1x2.gif,https://www.ebay.com/itm/167822874266?itmmeta=01KVYTMZND1VG0FV43A4EBR5DV&hash=item271305d69a:g:b1kAAeSwIY9o2fUT&itmprp=enc%3AAQALAAAAwDKQclQvzFwZQpmMrsO4LuoQpuwTUOIXr8RGkh6MFWeKUlxU9hyU2gju%2F4qaHPRlgBcuIZwFZoebf2wDa1Ifr93rQ%2Br0%2FfpPbiYcy1NPkyW2ABoZD3kIruQzUPS7LfGXvoF6T3XZc5x95eYuA1GPQH9kQQqpFcF9Y0DIOfAKZoOVUZgNRRCD%2Ftf2viQcC%2BvCWFkzQDC9CwRkIsqtUPcjO6RTScbwxVLjlvEdolF0vbJK2rYueM1JSOflTx4H94nmhg%3D%3D%7Ctkp%3ABk9SR-7609rfZw,$28.49
Samsung Galaxy S25 128GB 5G SM-S931U1 FACTORY UNLOCKED - CDMA + GSM - EXCELLENT,./eBay_files/s_1x2.gif,https://www.ebay.com/itm/127274451021?itmmeta=01KVYTMZND9MZZJQSMSQ38XZNS&hash=item1da226004d:g:-zcAAeSw1z9oiScI&itmprp=enc%3AAQALAAAA4DKQclQvzFwZQpmMrsO4LurAkYcRL36LksJROZs%2FHOBnoHsHAPueNxSMkB14GkKjydE6OqvpZ8nnqddYAjCYRIb58KEWT3s6EGmRRuYyNX%2B5wYhCGe%2BAHUFHcV5vBrcvNw7k0QSTKytSLAsx%2F4bs04fgZFRuFJj0XMjDbJUZ2DeP4Zac5ojucFR%2Bs4Pp%2BTiHKpZwWCFOdR8vPVMK7fwwOtUTCYZR59jrjFHom8z%2FZHEv8%2FkMJirgYlGIYwrmRlQQaB0EOyJn8HCADYehh4ayhl6W2hZgwrtCa0MRftkf58L2%7Ctkp%3ABk9SR-7609rfZw&var=429103665609,$399.99 to $439.99
Brand New SAMSUNG Galaxy Note 10+ Plus Factory Unlocked SM-N975U1 256GB+12GB US,./eBay_files/s_1x2.gif,https://www.ebay.com/p/3075038866?iid=227361833937&var=526562935771,$199.50
45W Super Fast Charging USB Type C Wall Charger Cable✅Fit Samsung Galaxy S23 S22,./eBay_files/s_1x2.gif,https://www.ebay.com/itm/388785002690?itmmeta=01KVYTMZNDP6NPPCRBW5W1T0D5&hash=item5a856458c2:g:2LYAAOSwGeFmB6uO&itmprp=enc%3AAQALAAAAwDKQclQvzFwZQpmMrsO4LupCgjNfbhZ1FVo56Q4m3cl9CvamFk6IGnhlzSn94lrunqri5efesveajZTtGniytzSW9ftiY%2BL%2B47Y8hjIP0ytjWKKp16xsDbizh%2BEvxZ7iL%2FmpdX8DbZ3T1VxCFggKTc1YRCIBAxds5PcItmauX%2FID3%2B2qCaEmInVg9aEbIBjZ%2BqWgK9i545%2FiGbTGQdQWf7YMjwfBHDRN4fn%2FpbjFZETssvrK2w1gqlcf2xkg5NphVg%3D%3D%7Ctkp%3ABk9SR-7609rfZw&var=655900955970,$0.99
Apple iPhone 12 64/128 - Fully Unlocked - All colors - Used Condition,./eBay_files/s_1x2.gif,https://www.ebay.com/itm/386950768138?epid=12041705164&itmmeta=01KVYTMZNDN11GNGA7041WMW48&hash=item5a1810260a:g:sOIAAOSwe4pmJuhI&itmprp=enc%3AAQALAAAA4DKQclQvzFwZQpmMrsO4LuqRRkdpxbUDJWF5bfBekKObed%2BTFO1gmZ1IVqEtVJ6jNrE3jMWI2f84TOxYVkiHoxDvG7j1JZnVIu%2FHgsAAaWfcovrK5DszX7iKLM1lJSZK3qwreBNfr9jSxDFP8Al8hRuRoPrTNIocAcyYFkPHELuF6X3zRJPe62UispkxnIYmyuLsLgPUKMzfTVzwIcuJcVCbvCZZ4dUToiwK2zd7yqGry%2Bk74DHQ4QPBj5C7Yzm1HUo5hcDH8ZDUdq%2FkakrX4ybt1w63RnM4yZIZxT9K5RO9%7Ctkp%3ABFBM7vrT2t9n&var=654331450594,$151.00 to $242.00
Apple iPhone X - 64-256GB - Fully Unlocked - VERY GOOD Condition - FACE ID,./eBay_files/s_1x2.gif,https://www.ebay.com/itm/386907028443?epid=240420150&itmmeta=01KVYTMZNDB7NM6RDD8ANQ1PAD&hash=item5a1574bbdb:g:-fMAAOSwB9hmDr8C&itmprp=enc%3AAQALAAAA4DKQclQvzFwZQpmMrsO4LurD7o89GXnYj%2BK0fAN0yy1Yb6N0PlydQO4DNtDIOylDwF6MxqAc2w7KqZei2iuhtXh0jx7DUjJx9Z8uJ8Ur3CNIoSxdD3KrXQHQ7E0m2y%2Fzoa5DR4DTddJy1k1OprogsSnl%2F0hsc%2FNDDrCBx4J4aBCdY6OLk8fhcnxuMfmMuJMVn3ObmI%2Fr3hQU%2F3LYaM3kNPAP9qeBcMPtA4kQi7YlmaEV9rpAxNhg5%2Fs33gKqGya9cW2upico3AWrE9qHVjn3X7861%2FUUlbJwYE0HXDhQHFo4%7Ctkp%3ABFBM7vrT2t9n&var=654168027223,$121.00 to $166.00
OPPO Find X9 Ultra 512GB 12GB GLOBAL Tundra Umber Unlocked USA Stock Free 2day,./eBay_files/s_1x2.gif,https://www.ebay.com/itm/198336829015?itmmeta=01KVYTMZNEGC4CYXAK2PW2KNHG&hash=item2e2dcbd657:g:fisAAeSw3Hxp~ATz&itmprp=enc%3AAQALAAAA4DKQclQvzFwZQpmMrsO4Lupd3%2FiTMGB%2Fm9Dq%2BTZnzIaRFn5h3fMhSl62v4wE0qa%2BufbZkX9%2BnHnhOIxtluz0RQM%2FLzho2OQJZb%2B7EO3zGdP8mA0y%2BtVBvsNApVOaQK53AeQCI2uqqKZ7xcKRVkox5FNSwC1pdCJqdem%2BZ8i5XLzAZ40g9Pm2zr964g0bVx3mK4Fd1R9D6xhpHt2q4%2BOWd%2BVpJPqyFMQsr4UbkAYH7nH11HT%2Fo1PqRmw%2FCGUS7fAHzGOx2nP8VsYCmzP3wR0xT0dWGoQyCaK2kP0pZlpL34M%2F%7Ctkp%3ABk9SR-7609rfZw,"$1,650.00"
Samsung Galaxy S23 SM-S911U 128GB Unlocked Very Good Condition,./eBay_files/s_1x2.gif,https://www.ebay.com/p/2330090727?iid=357600879787&var=626195117824,$215.99
Samsung Galaxy Z Flip5 512GB F731U Unlocked - Good,./eBay_files/s_1x2.gif,https://www.ebay.com/p/9072660290?iid=257067128532&var=557714094541,$264.99
45W PD Fast Wall Charger+Type-C Cable For Samsung Galaxy S24 S23 S22 S21 Ultra,./eBay_files/s_1x2.gif,https://www.ebay.com/itm/376165078166?itmmeta=01KVYTMZNE639QK47HTDVNBYVG&hash=item57952f9496:g:D18AAOSwutRl9Wdx&itmprp=enc%3AAQALAAAA4DKQclQvzFwZQpmMrsO4Luo7aAVYlPyStvN4jntnE1OIqCLc1mgc832pzEx5oKHDVvCFasu5k8Ef%2FZHtWNhwP98yo%2FsrhzhfQ7BHd2owOhLeoMzDUJrN6jA1NQ3VTylCcmGt5iOPHEZz%2B19%2B9MCP7xnBXv7EcMIVy4T8dZoyi1RJgGJT0lTk%2BGAGMA96PZegaoPMq9Z6Mst2B7IAIbM7vEZW%2FwQ1GbWfvIA0VTyDTXybFVn2QZGLPOAmo1nrFha%2B6u2wLBTGoPPpzC13WnQ4Fl5XLLojF7VM9wXyH%2BXXRRb%2B%7Ctkp%3ABk9SR_D609rfZw,$0.99
"🔥New Samsung Galaxy S23 Ultra 5G SM-S918U 256GB/ 512GB/1T 6.8"" Factory Unlocked",./eBay_files/s_1x2.gif,https://www.ebay.com/p/26059055049?iid=227367899902&var=526568705684,$396.01 to $481.01
NEW SEALED Samsung Galaxy S22 Ultra 5G S908U 128GB/256GB/512GB Factory Unlocked,./eBay_files/s_1x2.gif,https://www.ebay.com/p/13052280684?iid=406845313502&var=677066260521,$339.88 to $348.01
⚡20W Power Fast Wall Charger Adapter USB-C Charging Cable For iPhone 14 13 12 G,./eBay_files/s_1x2.gif,https://www.ebay.com/itm/205378506567?itmmeta=01KVYTMZNE33PH64C7HPF8N9CZ&hash=item2fd1834f47:g:bIUAAOSwqfZmyC41&itmprp=enc%3AAQALAAAAwDKQclQvzFwZQpmMrsO4LurQYYu%2F40vvWR57QOGxc%2FtjRg6OBiDxayM1JmNNVN4uMHJkugynRCUooA%2Bd4fXTlLEjdVsmUkLBPB0GAqqxOhgGaGGE1f0rKZ20uADJE2gSmJjxs19T3T2r2cB5ycc6wVfJzjiNn7a2aYnjFlPkM4%2Fk9L1%2FDq9dMCHxQXkE7%2BqYUa5YDYQWwdGLrZqEjTupNrRV4EsqCx5z8dMjQgVpUE6sV2rMY82uRI5NirCwzix%2Frg%3D%3D%7Ctkp%3ABk9SR_D609rfZw&var=506126618406,$1.60
Apple iPhone 14 Pro Max 256GB Unlocked Very Good Condition,./eBay_files/s_1x2.gif,https://www.ebay.com/p/6056270182?iid=355896538160&var=624955594339,$531.99
New Sealed Samsung Galaxy S23 Ultra 5G 256GB 512GB  Factory Unlocked US Stock,./eBay_files/s_1x2.gif,https://www.ebay.com/p/23059054247?iid=397921712494&var=666228048061,$502.00 to $588.00
65W Type USB C Super Fast Wall Charger+3ft Cable For Samsung Galaxy S22 S21 S23,./eBay_files/s_1x2.gif,https://www.ebay.com/itm/397652414560?itmmeta=01KVYTMZNEYQDH8ST17Y9HXENH&hash=item5c95ee5060:g:QJAAAeSwDahpSPNN&itmprp=enc%3AAQALAAAA4DKQclQvzFwZQpmMrsO4LuoIO9M0doiS%2Bp8P0boKBp%2FtVvDhOaL16d5gk16lAK5pbc6en4prVEgmSAePCMlREsepNghw7fvRqFzgORcQZfiw49GH0up4y12UMQZNAMusc0nNlZQuFA3ZMt6aV%2BfuyGSurzTIfGgldAJ9OZN6jHzIp0VlGmPPBd8h%2Bld6L878bSZP%2BhB5ul88oHXodHdeY4QhFZj0xL7TflScIaPDZjcutNJzyNuZxpAnHhE9yLxZ7kp57h55MDdW0ju4hsRRvmdoKHVdKaUXNA0FstGSfLMQ%7Ctkp%3ABk9SR_D609rfZw,$1.49
NEW SEALED SAMSUNG GALAXY S23 ULTRA 5G/S22 ULTRA 5G GSM CDMA FACTORY UNLOCKED,./eBay_files/s_1x2.gif,https://www.ebay.com/itm/168472143481?itmmeta=01KVYTMZNEK1GB0Y6X8K6D2R7M&hash=item2739b8e679:g:~S0AAeSwTRJpoVX-&itmprp=enc%3AAQALAAAA4DKQclQvzFwZQpmMrsO4LupTsMyPcgdVOqdBtTovmf1E4MIbRMT0Ump5jSE0a%2FJS7tV16vLTcoaliYn76tEjaRTE3vRt2r4EdcghcX0yt2AdLcRTQJX0WPTrJpHLTWVtg%2B0cGrq1xAyw%2BwHJgpoYvKUkgWmVNOyVC70ng%2FyJXq%2FUUBxAjpyAdwgAJ2PojU7Ql86EpRHHtCTX1v1JiKiiX0EyDiMIG9df6SvsbP73tif4%2B9r%2BQ5p4Rl3j8z%2B0BBLmJe7%2Fvn3nABfsJykKRH1hbII5kYL8ho1X4DzjFANVMC6v%7Ctkp%3ABk9SR_D609rfZw&var=467919100962,$235.01 to $808.01
Samsung Galaxy S23 Ultra 5G SM-S918U 256GB/512GB Factory Unlocked GSM+CDMA ✨New✨,./eBay_files/s_1x2.gif,https://www.ebay.com/p/20072665198?iid=398025290692&var=666319936935,$394.99 to $466.99
New Samsung Galaxy S23 Ultra 5G SM-S918U 256GB/512GB Factory Unlocked GSM+CDMA,./eBay_files/s_1x2.gif,https://www.ebay.com/p/23059054247?iid=406804152549&var=677031839990,$390.99 to $448.99
Samsung Galaxy S24 Ultra SM-S928U 512GB Unlocked Very Good Condition,./eBay_files/s_1x2.gif,https://www.ebay.com/p/10064928791?iid=357295226907&var=626001430427,$569.99
"TCL 50XL NXTPAPER 5G Smartphone with 6.78in AMOLED Display, 50MP Triple Camera,",./eBay_files/s_1x2.gif,https://www.ebay.com/itm/116667700224?itmmeta=01KVYTMZNE9J8XER90B5C5YE4Z&hash=item1b29efd400:g:zEcAAeSw6oxqE2q2&itmprp=enc%3AAQALAAAAwDKQclQvzFwZQpmMrsO4Luogap1kGJlf0QUow6jypop1aMJXKZLYCcXR2m3ZSUbQ%2FvxFWaU3o8hdsLQzQHj%2BUjGdVuTTnSmp8MRuvIItgX3PK0k3KIjcDkAdD109xoGiTAnobNmX%2BbYXbdoj0hwOnYS6jtt3pAXtcUKMzCVdPkz6voyjXHcJoxP2QsVP9Ysj2bMqjq0ryqUe2q4YlJbZ6jG52e0fB%2Fl7b0WQLqwNaRkDZSOe1taWx4VXMDdNQhZgHA%3D%3D%7Ctkp%3ABk9SR_D609rfZw,$67.00
Apple iPhone 12 Mini - A2176 - 64GB - Unlocked - Black iOS Smartphone,./eBay_files/s_1x2.gif,https://www.ebay.com/p/13041717342?iid=147376326228,$130.00
Nokia Lumia 1520 - 16GB Black - AT&T Locked - Excellent,./eBay_files/s_1x2.gif,https://www.ebay.com/p/5065009528?iid=226551760365,$26.79
FACTORY NEW SEALED SAMSUNG GALAXY S23 ULTRA 5G UNLOCKED GSM CDMA ALL MEMORY,./eBay_files/s_1x2.gif,https://www.ebay.com/p/20059046387?iid=356406900377&var=625401040627,$495.01 to $601.26
"Apple iPhone 14, 128GB-256GB-512GB, Unlocked - Used All Colors",./eBay_files/s_1x2.gif,https://www.ebay.com/itm/325859347437?epid=5056262935&itmmeta=01KVYTMZNF51QC850WRE0ERBTV&hash=item4bdebb0bed:g:tzUAAOSw1p5kB1Fw&itmprp=enc%3AAQALAAAA4DKQclQvzFwZQpmMrsO4LurLPPrQbE7ycGH3i1KDcNBnw5UrqJtMC2dCns4Xnx9d7uLuxxucJN22eF1CgPHQl5Rm8DCtfZ6lPvq78PadL6wQlW80dcDgvpRx%2FZ14ETQui4iJTz2fsQYRDtTrHqL6M7BTCCUY0FPjuUwm4aJxqs9PeIksG0K0e%2F%2BZoYou6pXCIF%2FfHyz1xMgUroJpViZKaqOoCYIU58iGg5RbBv3Zfya9Ibj6lUK15j35xfcHFT8OunDB409E4qZ6NCT3HWt8a5XpBJyYjvO2U%2B02BC%2BXzkTD%7Ctkp%3ABFBM8vrT2t9n&var=514903059891,$264.99 to $389.99
"Apple iPhone 12 Pro Max, 128/256/512GB - Unlocked -Used Excellent",./eBay_files/s_1x2.gif,https://www.ebay.com/itm/327194157221?epid=28041715467&itmmeta=01KVYTMZNFQ1NZVSXJEJ7WNT3X&hash=item4c2e4aa0a5:g:VHAAAOSwgBxkCfYf&itmprp=enc%3AAQALAAAA4DKQclQvzFwZQpmMrsO4Luqh5CwBmbib5U12RhiE2CE1GWP8ZlXDnNVg7kBEdn%2BUs7xhTBCcFs3sCHS9XJ3gqQ9q%2BQq%2BL6DzC%2BNQPEwD5KLVK4muMLMnCkAG9Rl9AdXFi0hm5xYDSyKDVQ4sOblf0w67K2T%2BY3wl39N5lJ2thFad1TXf2icSjBTlUheWRo31CtWsL4iR7r6mW9AQOZppH967XYClDhb1u8xxZ3p8nQcX9d7R3ebunoNNKtpMkkjbw97vu1ZyGKgxQWB3NavVoPxy0hoELZTi9Qh%2FMt%2BgyEN6%7Ctkp%3ABFBM8vrT2t9n&var=516009653236,$369.99 to $429.99
