Actual,LSTM_Predicted,GRU_Predicted,SRNN_Predicted,CNN_Predicted
0.4386530014641289,0.64570373,0.48249418,0.59647214,0.54166603
0.4341630063445583,0.6457021,0.48251393,0.59645283,0.54091835
0.441874084919473,0.6456934,0.47980103,0.5964226,0.5404248
0.43914104441190827,0.64568704,0.48035032,0.5964061,0.540205
0.4337725719863348,0.6456797,0.47907716,0.5963923,0.5391777
0.43474865788189365,0.6456628,0.47806543,0.59637034,0.53787017
0.441776476329917,0.64564824,0.4786831,0.5963602,0.53783953
0.44441190824792587,0.64565253,0.48017767,0.5963651,0.53847444
0.43796974133723765,0.64566135,0.4808101,0.5963778,0.5394087
0.43308931185944366,0.64566356,0.47955605,0.5963791,0.5395671
0.43640800390434364,0.6456617,0.47868145,0.5963838,0.5389036
0.4246949731576378,0.64565027,0.4778428,0.5963752,0.5363922
0.42059541239629095,0.6456305,0.47450575,0.5963362,0.53515816
0.45993167398731083,0.64559233,0.4700995,0.59629023,0.5332255
0.4689116642264519,0.6456367,0.48174948,0.5963731,0.5302823
0.4713518789653489,0.64573336,0.48835203,0.5965079,0.52818
0.4660810151293314,0.6458078,0.49152794,0.5965724,0.53670037
0.47681795998047827,0.64585394,0.49317995,0.59661186,0.5439595
0.4642264519277697,0.64591277,0.49635065,0.5966457,0.5484508
0.4669594924353343,0.645955,0.49478248,0.5966686,0.5495428
0.48101512933138113,0.64598656,0.4949945,0.596677,0.5498599
0.49184968277208396,0.6460364,0.50028455,0.5967245,0.54933774
0.49350902879453395,0.6461094,0.50503916,0.59678805,0.5526779
0.49438750610053683,0.6461797,0.50741297,0.5968418,0.55717504
0.49829184968277207,0.64623904,0.5103226,0.59688544,0.5606947
0.48062469497315763,0.64628625,0.5112144,0.59691143,0.56379205
0.4857003416300635,0.6463076,0.5082605,0.59689903,0.5651622
0.47037579306979016,0.64630747,0.50924706,0.5968941,0.56640804
0.47320644216691066,0.6463082,0.50564504,0.596859,0.5664662
0.47974621766715475,0.6462861,0.5033169,0.5968228,0.56494516
0.4872620790629576,0.6462807,0.5063052,0.5968194,0.5638165
0.48501708150317224,0.6463002,0.50800693,0.59683424,0.5631664
0.4944851146900927,0.6463115,0.50692534,0.5968336,0.56543833
0.5052220595412397,0.6463275,0.51136756,0.59685993,0.5668524
0.5000488042947779,0.646378,0.51606834,0.59691656,0.56878734
0.5142020497803806,0.6464206,0.5155597,0.5969491,0.5710436
0.5134211810639336,0.64646345,0.52003956,0.59699035,0.5730659
0.517227916056613,0.64651,0.5210587,0.5970305,0.5736269
0.51634943875061,0.6465459,0.52333736,0.5970601,0.5759213
0.5179111761835041,0.64658856,0.5257008,0.59709305,0.5775285
0.5117618350414836,0.6466223,0.5259007,0.59711033,0.58051944
0.512249877989263,0.64663196,0.5253171,0.5971038,0.58195186
0.5101024890190337,0.6466421,0.5257542,0.59709716,0.583323
0.5137140068326013,0.64665097,0.5247019,0.5970878,0.58381855
0.5202537823328452,0.64666,0.5263679,0.5970919,0.5837574
0.5109809663250366,0.6466855,0.52800286,0.5971106,0.58386016
0.5068814055636897,0.64670014,0.5257704,0.59711593,0.58317316
0.5035627135187897,0.64669204,0.52512896,0.5970996,0.5829577
0.4938018545632016,0.6466773,0.5237466,0.597082,0.58248353
0.4985846754514397,0.64665747,0.51947415,0.59703845,0.582021
0.5082479258174719,0.6466298,0.5203996,0.59702104,0.5801865
0.5012201073694486,0.646633,0.5218494,0.59702086,0.57915306
0.4929233772571987,0.6466335,0.52074766,0.5970232,0.57913566
0.49019033674963397,0.6466093,0.51727045,0.5969933,0.5790806
0.5001464128843338,0.6465786,0.51562,0.5969611,0.57804596
0.4977061981454368,0.6465636,0.5179012,0.59695894,0.57621455
0.48199121522694,0.6465631,0.51821303,0.59696645,0.5765681
0.486090775988287,0.6465473,0.51297927,0.59693545,0.5765883
0.49917032698877506,0.64651537,0.5137682,0.59691715,0.57599854
0.5069790141532455,0.6465199,0.5159539,0.59692526,0.57428074
0.5074670571010249,0.6465426,0.52030194,0.59697104,0.57501245
0.525427037579307,0.6465674,0.52043873,0.5969971,0.5781096
0.5310883357735481,0.6466077,0.52602637,0.5970406,0.580402
0.541727672035139,0.6466608,0.5296222,0.59710956,0.58246446
0.5384089799902392,0.6467198,0.53361595,0.5971633,0.58539844
0.5339189848706687,0.6467655,0.53528446,0.59721136,0.58855593
0.5423133235724744,0.6468001,0.5362541,0.5972302,0.59073895
0.5329428989751098,0.64683294,0.5385838,0.59725636,0.592617
0.5255246461688629,0.6468524,0.53723156,0.59725916,0.59366775
0.5280624694973157,0.64685607,0.5354824,0.59724253,0.59437805
0.5356759394826744,0.6468537,0.53555584,0.59723186,0.5943973
0.5357735480722303,0.6468667,0.53796923,0.59724,0.59353316
0.5470961444607125,0.64688253,0.53700733,0.59724665,0.5930115
0.5406539775500244,0.646904,0.5409484,0.5972667,0.59392214
0.5489507076622743,0.6469221,0.54008067,0.59728396,0.59461915
0.5567593948267449,0.64693713,0.5435232,0.59729767,0.5963263
0.5497315763787213,0.6469712,0.5463623,0.59733415,0.5973606
0.5849682772083944,0.6470043,0.54531527,0.597349,0.59783304
0.5932650073206442,0.64706075,0.55414736,0.59741294,0.5965384
0.6,0.64712787,0.5595369,0.597498,0.5973405
0.5927769643728649,0.6471889,0.5639558,0.597542,0.60542834
0.5988286969253294,0.6472287,0.56574756,0.5975764,0.61419535
0.6034163006344558,0.6472602,0.56754947,0.597581,0.61791074
0.6045876037091265,0.647294,0.57069683,0.5976049,0.6199522
0.6177647632991704,0.647326,0.57287407,0.59762716,0.6224419
0.6256710590531966,0.6473731,0.5761389,0.5976513,0.624429
0.6281112737920936,0.6474174,0.5796349,0.5976882,0.6258624
0.6239141044411909,0.64745605,0.58172387,0.5977138,0.6280906
0.6241093216203026,0.6474836,0.58253396,0.59772754,0.63038385
0.6277208394338702,0.6475003,0.58352757,0.5977344,0.6324508
0.6401171303074671,0.6475171,0.58591366,0.59774333,0.63359344
0.6241093216203026,0.64755416,0.58886516,0.5977658,0.63473743
0.6250854075158615,0.64757705,0.5864271,0.597774,0.635128
0.6273304050756466,0.6475735,0.58679104,0.5977651,0.63462675
0.6300634455832114,0.6475728,0.58700144,0.5977612,0.6343087
0.6218643240605173,0.64757836,0.58841527,0.5977609,0.635517
0.6246949731576379,0.64758134,0.5850718,0.59775263,0.6360321
0.6196193265007321,0.6475737,0.587909,0.59774935,0.63570344
0.6282088823816496,0.64757603,0.58537114,0.597747,0.63533604
0.624597364568082,0.64757586,0.5884572,0.59774685,0.63574576
0.6069302098584676,0.64758193,0.5873457,0.597756,0.6360217
0.6085895558809175,0.64758086,0.58246297,0.59772897,0.63591725
0.6174719375305028,0.64755213,0.58203435,0.5977136,0.6335987
0.6109321620302587,0.64754355,0.5835037,0.5977093,0.6307738
0.618838457784285,0.64754057,0.5825093,0.59771,0.63167524
0.6085895558809175,0.64754283,0.58414876,0.59771204,0.6332929
0.6079062957540263,0.6475427,0.5807806,0.59770507,0.63306296
0.6159102000976086,0.64752555,0.5798671,0.5976883,0.6314348
0.6205954123962909,0.6475201,0.5818387,0.59769416,0.629578
0.6186432406051733,0.6475329,0.5827366,0.59770703,0.62916076
0.6199121522693998,0.64753735,0.5833821,0.59772044,0.6316858
0.6196193265007321,0.6475363,0.5842285,0.59772193,0.6341554
0.618838457784285,0.6475394,0.5840026,0.5977204,0.6358954
0.6120058565153734,0.64754045,0.58380955,0.5977196,0.6360948
0.6177647632991704,0.6475383,0.58254516,0.59771585,0.6358993
0.6164958516349439,0.64753675,0.58264124,0.59771055,0.63489187
0.6107369448511468,0.6475386,0.5824506,0.5977125,0.6340487
0.6135675939482674,0.6475333,0.58073926,0.5977051,0.6332141
0.6108345534407028,0.64752597,0.5809351,0.5976976,0.632728
0.6018545632015617,0.64752173,0.5793787,0.5976903,0.63211036
0.6038067349926793,0.647511,0.5762286,0.597672,0.63077533
0.5964860907759884,0.64749265,0.5778372,0.597669,0.62842107
0.6028306490971206,0.6474862,0.5754416,0.59766036,0.6271893
0.6132747681795998,0.64747643,0.5754955,0.59764814,0.6270206
0.6273304050756466,0.6474793,0.5779003,0.59766054,0.6268705
0.6349438750610054,0.64750314,0.58201194,0.5976894,0.6275892
0.6346510492923377,0.6475308,0.5850986,0.59772724,0.6306517
0.6206930209858468,0.6475539,0.5872047,0.59775126,0.6340708
0.6150317227916057,0.6475674,0.584585,0.59775084,0.63488424
0.6103465104929234,0.6475532,0.5837842,0.59773993,0.6353463
0.5898487066861885,0.6475444,0.5807344,0.59771454,0.63467515
0.5853587115666179,0.64752877,0.5751507,0.59768367,0.63138425
0.5936554416788677,0.64748096,0.5711602,0.5976398,0.62785846
0.5812591508052709,0.6474515,0.57351077,0.59762216,0.62368417
0.5730600292825768,0.6474399,0.5695498,0.5976083,0.62268543
0.5546120058565154,0.6474081,0.56423104,0.59756374,0.6220287
0.545924841386042,0.6473563,0.55912,0.5975145,0.6199174
0.5551976573938506,0.6472999,0.5551764,0.5974661,0.6138193
0.581161542215715,0.6472583,0.5550935,0.5974382,0.6089878
0.5840897999023914,0.6472627,0.5603183,0.5974606,0.60841465
0.5911176183504149,0.6472777,0.5627965,0.5974973,0.6117773
0.6076134699853587,0.64729786,0.5654508,0.59752595,0.6155015
0.6134699853587116,0.6473304,0.5692967,0.5975623,0.61709607
0.6124938994631528,0.64736116,0.5739951,0.59761155,0.6195479
0.5954123962908736,0.6474087,0.5746825,0.5976449,0.62132883
0.5892630551488531,0.64741796,0.57302994,0.5976567,0.6225126
0.5954123962908736,0.6474035,0.56975424,0.5976268,0.62250245
0.5932650073206442,0.6473898,0.571401,0.59761536,0.62205625
0.5948267447535384,0.6473917,0.57182467,0.597618,0.6221459
0.5906295754026355,0.64739895,0.57036483,0.5976112,0.6231424
0.5555880917520742,0.64738846,0.57005644,0.5976027,0.623135
0.520546608101513,0.64736116,0.55966306,0.59754884,0.6225203
0.5041483650561249,0.6472923,0.5487704,0.5974551,0.6180328
0.4717423133235725,0.6471881,0.5391704,0.59735256,0.60900486
0.4702781844802343,0.647066,0.5227332,0.5972019,0.5963552
0.5176183504148365,0.64692974,0.5129496,0.5970586,0.5829606
0.5030746705710103,0.6468711,0.52363396,0.5970571,0.57095623
0.5372376769155687,0.6468539,0.5224724,0.5970724,0.570344
0.5208394338701806,0.64685607,0.5328064,0.59712756,0.5773692
0.5187896534895071,0.64685714,0.5288298,0.5971447,0.58013916
0.490971205466081,0.64683414,0.52782726,0.5971132,0.5817789
0.5036603221083455,0.64678514,0.51908886,0.5970692,0.5817816
0.49106881405563696,0.6467402,0.5197364,0.5970295,0.57783914
0.4255734504636408,0.6467012,0.51736295,0.59701705,0.5731715
0.4747681795998048,0.6465933,0.49255294,0.5968379,0.5700165
0.40312347486578815,0.6464868,0.50018287,0.5967729,0.5635541
0.4587603709126403,0.64636135,0.48000613,0.5966241,0.55619204
0.4507564665690581,0.646277,0.48829982,0.59656376,0.5466919
0.43318692044899954,0.6462393,0.48556373,0.5965624,0.54483926
0.4265495363591997,0.6461723,0.48297682,0.5965147,0.5405095
0.41083455344070285,0.64608157,0.47775024,0.5964546,0.5389762
0.4231332357247438,0.64597267,0.47017586,0.5963385,0.53490543
0.4162030258662762,0.6458876,0.47136417,0.59630036,0.5303327
0.4617862371888727,0.64584875,0.47107124,0.5962951,0.5243819
0.4646168862859932,0.64585924,0.47678915,0.5963466,0.5215673
0.4751586139580283,0.6458842,0.48449743,0.5964508,0.5235955
0.4717423133235725,0.6459348,0.49099097,0.5965369,0.5308677
0.4620790629575403,0.64597887,0.49259585,0.5966008,0.5377065
0.43347974621766716,0.6459938,0.4907719,0.5966084,0.54068035
0.4365056124938995,0.64595807,0.4804689,0.59654284,0.5418695
0.4413860419716935,0.64589655,0.48148122,0.5965042,0.53817105
0.44773060029282574,0.64588034,0.48412988,0.5964954,0.53577626
0.47252318204001953,0.64589655,0.4854679,0.5965161,0.5357419
0.4828696925329429,0.6459367,0.49173772,0.59656906,0.53866386
0.4681307955100049,0.6460022,0.49871263,0.59665173,0.54332197
0.49350902879453395,0.6460568,0.49596795,0.596684,0.5479358
0.48374816983894586,0.6461015,0.5037379,0.5967456,0.5515046
0.503269887750122,0.6461501,0.50216115,0.5967759,0.55316556
0.5110785749145925,0.6462151,0.5091884,0.59683883,0.55678284
0.5011224987798927,0.6462976,0.51541305,0.5969365,0.5604893
0.4807223035627135,0.6463603,0.51490545,0.5969693,0.56609046
0.48169838945827237,0.64636767,0.50900054,0.5969432,0.56803167
0.4907759882869692,0.6463458,0.5095135,0.59691083,0.568923
0.500829673011225,0.646358,0.51240945,0.59691584,0.5673512
0.5124450951683749,0.64639497,0.5142684,0.5969372,0.56911254
0.5099072718399219,0.64643896,0.51965487,0.5969854,0.5719776
0.5037579306979014,0.6464954,0.52094215,0.5970257,0.5747209
0.4934114202049781,0.6465175,0.5200194,0.5970342,0.57637453
0.47535383113714014,0.6465141,0.5168685,0.5970118,0.5770019
0.47779404587603713,0.64647925,0.50994706,0.59694517,0.5760542
0.4900927281600781,0.646435,0.50864494,0.59689265,0.57272774
0.4822840409956076,0.6464311,0.5121569,0.5968929,0.5694345
0.4924353343094192,0.64645743,0.5110769,0.59690773,0.5673467
0.5087359687652513,0.6464547,0.5121105,0.5969232,0.5666214
0.5157637872132748,0.6464751,0.51725924,0.59694695,0.56728375
0.5109809663250366,0.6465144,0.52068675,0.5969944,0.57222545
0.48950707662274284,0.6465521,0.52183944,0.5970292,0.5747956
0.500829673011225,0.64655876,0.5161284,0.59701604,0.57532704
0.5094192288921425,0.6465399,0.516716,0.59699225,0.5743824
0.51469009272816,0.6465518,0.5198698,0.5970082,0.5724584
0.5135187896534895,0.64658976,0.5248364,0.5970578,0.5748409
0.5097120546608102,0.64662147,0.52391636,0.597074,0.5789249
0.5108833577354808,0.64663404,0.5244857,0.59707487,0.581342
0.5107857491459249,0.64664173,0.5243026,0.59707725,0.5818262
0.5235724743777452,0.6466433,0.52464926,0.59707165,0.58193415
0.5365544167886774,0.64667666,0.52977645,0.59710824,0.5833106
0.5423133235724744,0.6467293,0.5314064,0.59715235,0.5850332
0.5326500732064421,0.6467751,0.5378845,0.59721065,0.5883627
0.5333333333333333,0.64681673,0.53421915,0.59722817,0.5899035
0.545046364080039,0.6468208,0.535952,0.59722835,0.59180355
0.5451439726695949,0.64685,0.5395582,0.5972538,0.59238577
0.5420204978038068,0.6468857,0.5413139,0.5972819,0.5949391
0.559785261102977,0.646907,0.5406567,0.59729135,0.5966667
0.581942410932162,0.64694834,0.54684424,0.5973266,0.59777474
0.569741337237677,0.64701575,0.552138,0.5973937,0.59968686
0.5515861395802831,0.64705914,0.5529816,0.5974308,0.603914
0.5091264031234749,0.6470763,0.5503053,0.59742546,0.6062119
0.5187896534895071,0.6470386,0.53670824,0.5973387,0.6067991
0.510688140556369,0.6469749,0.53696334,0.5972766,0.60106814
0.5327476817959981,0.6469261,0.5305815,0.59721816,0.5936154
0.527086383601757,0.6469134,0.5365995,0.59721285,0.58723617
0.522108345534407,0.6469135,0.5356673,0.5972315,0.5885326
0.522108345534407,0.64689314,0.53332645,0.5971968,0.5905261
0.5202537823328452,0.64688444,0.5328552,0.5971868,0.59004045
0.5215226939970719,0.6468648,0.5313126,0.5971891,0.5862241
0.5093216203025867,0.64684033,0.53353614,0.59717274,0.5861436
0.5175207418252806,0.6468266,0.5280882,0.5971479,0.58770525
0.5119570522205954,0.64680123,0.5293578,0.597124,0.5876694
0.5214250854075159,0.64678466,0.527907,0.5971157,0.58629906
0.5267935578330893,0.6467867,0.5312168,0.5971291,0.5852341
0.5227916056612982,0.64680016,0.5318006,0.59715116,0.5859277
0.5241581259150806,0.64680624,0.5328723,0.597163,0.588235
0.5264031234748658,0.64681304,0.5337442,0.59717494,0.58973765
0.5165446559297219,0.6468196,0.53390396,0.5971789,0.59078777
0.5089311859443632,0.64681405,0.5308124,0.59716415,0.5909129
0.4907759882869692,0.6467967,0.5275557,0.59713364,0.59023213
0.5041483650561249,0.64675546,0.52052987,0.59708035,0.5869987
0.5038555392874573,0.6467153,0.5217861,0.5970488,0.58189714
0.5143972669594925,0.64670044,0.52318466,0.5970534,0.5783211
0.52298682284041,0.64670575,0.52425706,0.59705675,0.58019114
0.5269887750122011,0.6467171,0.52764374,0.59708595,0.582204
0.5306002928257687,0.6467404,0.530071,0.59711826,0.58430374
0.5164470473401659,0.64676213,0.5327049,0.59715086,0.58699477
0.5224011713030746,0.6467763,0.5300958,0.5971552,0.5885438
0.5151781356759395,0.64677286,0.53065634,0.59715104,0.5889772
0.5152757442654954,0.6467663,0.5287585,0.597141,0.58874786
0.5108833577354808,0.64675915,0.5294529,0.5971325,0.5874275
0.5033674963396779,0.6467624,0.528376,0.59713113,0.5873891
0.5102000976085896,0.6467395,0.5241344,0.59709674,0.5865862
0.5194729136163982,0.6467202,0.5251918,0.59708023,0.58492374
0.5173255246461689,0.6467255,0.5277425,0.59709406,0.58336866
0.5069790141532455,0.64673126,0.527318,0.59710324,0.5849098
0.5159590043923865,0.6467258,0.5244396,0.5970856,0.58495027
0.5268911664226452,0.646718,0.5270425,0.5970949,0.5841751
0.5212298682284041,0.64674014,0.5297495,0.59711874,0.58346
0.5184968277208395,0.6467641,0.52945614,0.5971454,0.58296883
0.5266959492435334,0.64676946,0.53023124,0.59716,0.5838319
0.5340165934602245,0.6467738,0.53100514,0.59715736,0.5849712
0.52962420693021,0.646793,0.534425,0.59718174,0.5876497
0.5269887750122011,0.6468234,0.535749,0.5972116,0.5892895
0.5241581259150806,0.64683414,0.5345179,0.5972147,0.590623
0.533626159102001,0.64682865,0.5329939,0.5971984,0.59085417
0.5261102977061982,0.64683306,0.5350709,0.59720063,0.59050614
0.5288433382137628,0.6468384,0.5351597,0.597209,0.590745
0.5298194241093216,0.6468464,0.53531456,0.597211,0.59162533
0.5145924841386043,0.6468523,0.5360107,0.59721684,0.5918739
0.5167398731088336,0.64684314,0.53168106,0.59719056,0.5917915
0.5160566129819424,0.6468185,0.5310533,0.59716564,0.5910729
0.5121522693997071,0.646829,0.5330117,0.59717405,0.5901358
0.5046364080039044,0.6468084,0.5290953,0.5971576,0.58872366
0.5113714006832601,0.64677787,0.5251217,0.59710336,0.5882915
0.5096144460712543,0.6467519,0.5263853,0.59709185,0.5860237
0.4989751098096632,0.6467359,0.5259601,0.59708035,0.5842738
0.48101512933138113,0.646718,0.5225482,0.5970581,0.58313835
0.4871644704734016,0.64667743,0.5155127,0.5970027,0.5826895
0.4826744753538311,0.6466265,0.514341,0.59696347,0.5775541
0.48062469497315763,0.6465934,0.51332426,0.59694695,0.5706959
0.47369448511469014,0.64655125,0.510229,0.5969027,0.568367
0.47369448511469014,0.64650774,0.5086559,0.59687006,0.56874734
0.4587603709126403,0.64646375,0.5070517,0.59683216,0.56770456
0.45290385553928747,0.64641607,0.50146365,0.5967757,0.56623924
0.4584675451439727,0.6463487,0.49665555,0.5967135,0.5633851
0.44899951195705223,0.64629495,0.49635187,0.59667766,0.55894256
0.4536847242557345,0.6462537,0.49351054,0.59664834,0.5535377
0.46276232308443144,0.64620876,0.49063915,0.5966071,0.55124307
0.47408491947291365,0.6461818,0.49308014,0.59661555,0.5487776
0.4672523182040019,0.646185,0.49648693,0.596643,0.54779184
0.4601268911664227,0.64618194,0.4954575,0.59666055,0.5495585
0.45290385553928747,0.64616454,0.49590173,0.5966567,0.5515598
0.44616886285993174,0.6461382,0.49323782,0.5966325,0.5524095
0.45212298682284047,0.64610004,0.4898781,0.5965873,0.5527272
0.4581747193753051,0.6460659,0.48978186,0.5965612,0.5515221
0.45427037579306984,0.6460581,0.49311087,0.5965724,0.5508052
0.46266471449487556,0.64605486,0.4906325,0.59656733,0.55174816
0.4571986334797462,0.6460577,0.49348575,0.5965849,0.5519974
0.45710102489019033,0.646058,0.49191484,0.5965946,0.5515709
0.46803318692044904,0.6460506,0.49156097,0.5965878,0.5508714
0.46100536847242557,0.64605397,0.49542007,0.59661746,0.5516773
0.4726207906295754,0.6460709,0.49511912,0.5966301,0.553239
0.4828696925329429,0.6460926,0.4981908,0.596663,0.5555141
0.47242557345046365,0.64612937,0.50171113,0.59670854,0.55717576
0.4755490483162519,0.64615846,0.5010325,0.59673023,0.5594244
0.4696925329428989,0.6461713,0.5017872,0.596745,0.56078786
0.4637384089799902,0.6461781,0.50070363,0.59674233,0.5613798
0.47164470473401665,0.6461705,0.49862948,0.5967235,0.56078887
0.4742801366520254,0.6461694,0.4986702,0.59671444,0.5601245
0.46637384089799905,0.64617527,0.5006963,0.59672964,0.55821943
0.4727183992191313,0.6461843,0.49987897,0.59673285,0.5583867
0.47076622742801366,0.64618504,0.50004244,0.596732,0.55872685
0.47320644216691066,0.6461807,0.49996993,0.59672797,0.55887914
0.4807223035627135,0.64617985,0.5002916,0.5967221,0.5590097
0.47398731088335777,0.6461994,0.50382936,0.59675163,0.5601109
0.46022449975597857,0.6462152,0.5010035,0.59675246,0.56037223
0.44480234260614937,0.6461934,0.49824938,0.59672564,0.56047213
0.438555392874573,0.6461489,0.49162918,0.5966587,0.5600314
0.44011713030746713,0.6460835,0.4867634,0.5965867,0.55562294
0.45954123962908733,0.64602053,0.48522726,0.59652877,0.5505962
0.47291361639824303,0.64601135,0.4896647,0.59653646,0.5459172
0.4818936066373841,0.6460415,0.49612114,0.5966027,0.5485356
0.4920448999511957,0.646104,0.5018811,0.596686,0.55206156
0.5265983406539776,0.64617544,0.5063685,0.5967748,0.5567387
0.5517813567593949,0.6463087,0.5181513,0.5969167,0.5588032
0.5781356759394827,0.64646816,0.52946067,0.5971105,0.5641087
0.5711078574914593,0.64662576,0.53961873,0.59724665,0.573771
0.5699365544167887,0.64675665,0.545034,0.59735787,0.586691
0.5856515373352855,0.64684755,0.5468508,0.59739375,0.5951929
0.6097608589555881,0.6469343,0.55334216,0.5974426,0.6015961
0.5479746217667155,0.6470503,0.5633855,0.5975305,0.605693
0.5402635431918008,0.64711237,0.5433363,0.5974926,0.60702515
0.5374328940946803,0.6470742,0.54658484,0.5974593,0.600029
0.5406539775500244,0.6470377,0.5419791,0.5974004,0.5955721
0.5444607125427038,0.6470232,0.5431826,0.59736675,0.5952225
0.5605661298194242,0.6470195,0.5447694,0.5973648,0.59635985
0.5527574426549536,0.64704204,0.54793227,0.5973684,0.59847724
0.5551000488042949,0.6470494,0.54704046,0.59737504,0.60022295
0.5543191800878478,0.64704615,0.54894686,0.5973714,0.60216105
0.5518789653489508,0.6470536,0.54840815,0.5973682,0.6026583
0.5722791605661298,0.64706695,0.54982126,0.5973816,0.60285604
0.6004880429477794,0.6470951,0.553519,0.5974107,0.60278106
0.6198145436798438,0.64715636,0.56082386,0.5974711,0.60426605
0.6113225963884822,0.64723206,0.56922615,0.59756255,0.6088035
0.6135675939482674,0.647296,0.57071555,0.597616,0.6153636
0.6103465104929234,0.6473297,0.5736731,0.5976361,0.6214242
0.5974621766715471,0.6473632,0.57558125,0.59765714,0.6238506
0.5913128355295266,0.64737964,0.57358253,0.59765506,0.624784
0.5731576378721328,0.6473817,0.57140446,0.59763443,0.6251892
0.5748169838945827,0.647372,0.56822014,0.5976089,0.62407386
0.5692532942898975,0.64734674,0.5646945,0.59756994,0.62128747
0.5718887262079063,0.64732087,0.5620047,0.5975348,0.6179745
0.5714982918496828,0.64730084,0.5617707,0.597515,0.61457396
0.5632991703269887,0.64729095,0.5600729,0.5975017,0.6125813
0.5487554904831625,0.6472692,0.55721784,0.59748435,0.61029434
0.5564665690580771,0.64723116,0.5538125,0.5974459,0.6090574
0.5560761346998536,0.64720076,0.5546397,0.59742725,0.6085702
0.5571498291849682,0.64718205,0.5536721,0.5974151,0.6086906
0.5553928745729625,0.6471739,0.55428326,0.59740853,0.60887563
0.5539287457296243,0.64716923,0.5537965,0.5974139,0.6091807
0.5592972181551976,0.64715314,0.55224395,0.5973977,0.6089443
0.5757930697901416,0.64714575,0.5524782,0.5973921,0.60786784
0.5803806734992679,0.6471653,0.55641305,0.59741855,0.60692453
0.600878477306003,0.64719343,0.5590775,0.597466,0.6069461
0.6148365056124939,0.6472415,0.5644753,0.59751165,0.6097511
0.6233284529038555,0.64729357,0.5709337,0.59758216,0.6148241
0.6351390922401171,0.64735866,0.5770209,0.5976447,0.61954117
0.636993655441679,0.64742154,0.5806196,0.59770083,0.6255883
0.6239141044411909,0.6474667,0.5852313,0.597737,0.63030523
0.6251830161054173,0.64749944,0.58338106,0.59775066,0.6337186
0.636993655441679,0.6475135,0.58481574,0.5977477,0.6348829
0.6285993167398731,0.6475402,0.5871742,0.5977613,0.6352302
0.6271351878965349,0.64756435,0.587464,0.5977775,0.6353762
0.6157149829184968,0.6475703,0.5862787,0.5977707,0.63662815
0.6161054172767204,0.64756554,0.58386743,0.59775025,0.63708514
0.6072230356271352,0.64755285,0.58288336,0.59773064,0.6362966
0.617179111761835,0.6475401,0.5795666,0.5977069,0.6346457
0.5995119570522206,0.64753175,0.5825342,0.5977068,0.63174653
0.6013665202537823,0.6475278,0.5782338,0.59769654,0.63097084
0.5919960956564179,0.64750934,0.5786529,0.5976788,0.63037264
0.590141532454856,0.6474931,0.5750574,0.597659,0.6300452
0.5937530502684236,0.6474653,0.57426375,0.59763527,0.62706137
0.6075158613958028,0.6474515,0.5738031,0.5976256,0.6258656
0.6051732552464617,0.64745593,0.5757706,0.5976305,0.624621
0.5971693509028795,0.64745945,0.5768584,0.59764683,0.6252527
0.60497803806735,0.64745915,0.5748135,0.59764534,0.62534565
0.6099560761346998,0.6474498,0.5761319,0.59764016,0.62540853
0.6132747681795998,0.64745975,0.5779005,0.5976543,0.6253332
0.6110297706198146,0.6474717,0.57862973,0.5976708,0.6269019
0.6169838945827233,0.6474767,0.57906604,0.5976758,0.6283849
0.5810639336261592,0.6474868,0.58097374,0.5976863,0.62980485
0.6023426061493411,0.647501,0.57248974,0.59766495,0.6298473
0.5907271839921913,0.6474723,0.57349384,0.5976486,0.62448025
0.5799902391410444,0.6474495,0.57273173,0.5976411,0.6200144
0.5805758906783798,0.64742655,0.5686376,0.59760904,0.6200676
0.5723767691556857,0.6473976,0.56672025,0.5975783,0.6211344
0.5797950219619327,0.64737064,0.5647533,0.5975529,0.6198518
0.5693509028794534,0.6473509,0.56438756,0.5975412,0.6167815
0.5576378721327476,0.6473321,0.56262076,0.5975274,0.6158501
0.568862859931674,0.6473038,0.557776,0.59749126,0.61519647
0.5655441678867741,0.647277,0.559255,0.5974796,0.61316717
0.566422645192777,0.6472596,0.55861497,0.59747314,0.611217
0.5677891654465593,0.6472515,0.5575792,0.5974642,0.61175793
0.5820400195217179,0.64724374,0.5581474,0.59746456,0.6115315
0.5927769643728649,0.6472522,0.5609329,0.59748244,0.6108364
0.5878965348950708,0.64727855,0.56531155,0.59752345,0.6119049
0.6022449975597853,0.64730597,0.566237,0.5975568,0.6144409
0.5988286969253294,0.6473299,0.5692167,0.5975794,0.61726105
0.6141532454856028,0.6473471,0.5713723,0.5976049,0.6196488
0.6244021473889703,0.6473795,0.5747083,0.5976291,0.6227485
0.625378233284529,0.64741933,0.5787388,0.5976683,0.6254188
0.6150317227916057,0.64745414,0.5805788,0.59769845,0.6284025
0.6196193265007321,0.64747405,0.5783767,0.5976984,0.6294422
0.6069302098584676,0.6474848,0.58177865,0.5977091,0.6299361
0.6097608589555881,0.647496,0.57871366,0.5977081,0.6299373
0.5944363103953149,0.64749306,0.57829195,0.5976955,0.6286907
0.6072230356271352,0.6474807,0.5756307,0.59767777,0.62813246
0.6156173743289409,0.6474807,0.57734156,0.5976707,0.62648106
0.6340653977550024,0.647485,0.57840836,0.5976801,0.62662405
0.6373840897999024,0.64751065,0.5835813,0.5977032,0.62840796
0.635236700829673,0.6475425,0.58672845,0.59774625,0.6318959
0.6269399707174231,0.647565,0.58808875,0.59776235,0.63503945
0.6178623718887262,0.64757454,0.58733165,0.59776664,0.6367142
0.6250854075158615,0.64757216,0.58519316,0.59775233,0.63694084
0.6209858467545144,0.6475688,0.5866387,0.5977489,0.6356389
0.6197169350902879,0.6475705,0.5857898,0.5977485,0.6343589
0.6128843338213763,0.6475693,0.58534735,0.5977428,0.6343795
0.6156173743289409,0.64755976,0.58345187,0.5977297,0.6344807
0.6194241093216203,0.6475494,0.583547,0.5977178,0.6339382
0.6151293313811615,0.6475482,0.58479977,0.59772193,0.63353443
0.6254758418740849,0.64754856,0.5826422,0.59771705,0.6337856
0.6323084431429966,0.64754957,0.585446,0.59772015,0.6344718
0.6332845290385554,0.6475648,0.5870446,0.59773934,0.6349218
0.632015617374329,0.647581,0.5882026,0.5977528,0.635872
0.633577354807223,0.64759654,0.58893615,0.5977706,0.63613105
0.6412884333821377,0.6476028,0.5890713,0.5977724,0.6364485
0.6362127867252318,0.64761734,0.5922122,0.59779024,0.6374595
0.6349438750610054,0.6476273,0.5901277,0.59779394,0.63842225
0.632015617374329,0.6476265,0.59098923,0.5977895,0.63983566
0.6257686676427526,0.6476256,0.5906459,0.5977891,0.6399168
0.6285993167398731,0.64762187,0.588941,0.59778047,0.6397843
0.6380673499267936,0.64761585,0.58995056,0.5977752,0.6395779
0.6383601756954612,0.6476244,0.59126604,0.59778243,0.63967705
0.6509516837481698,0.647637,0.592204,0.5977938,0.6401473
0.6844314299658371,0.6476594,0.59486556,0.59781086,0.6406201
0.7031722791605662,0.6477133,0.6021302,0.5978537,0.6405885
0.7096144460712543,0.64777327,0.6081656,0.59792507,0.64291024
0.7233772571986335,0.6478188,0.6127732,0.5979636,0.6494364
0.7306002928257687,0.6478671,0.6196139,0.5980072,0.6583041
0.7161542215714983,0.6479187,0.6250036,0.5980488,0.66386354
0.7064909712054661,0.6479548,0.6237415,0.59806573,0.6674652
0.7151781356759395,0.64796484,0.62439674,0.59806013,0.668733
0.7157637872132748,0.64797187,0.62552774,0.59805846,0.66931343
0.7180087847730601,0.6479822,0.62629986,0.59805757,0.6692296
0.7575402635431918,0.64799726,0.62732434,0.5980645,0.67078674
0.7633967789165447,0.6480442,0.6342827,0.59807837,0.6714388
0.7620302586627623,0.6480943,0.6366062,0.59812075,0.6707376
0.7692532942898975,0.6481153,0.63974774,0.5981442,0.6735692
0.7682772083943387,0.648133,0.6432086,0.5981568,0.6788277
0.7584187408491948,0.64815176,0.6453824,0.5981711,0.6847571
0.7449487554904831,0.6481625,0.6443817,0.59817207,0.6863395
0.7361639824304539,0.64817333,0.6399199,0.5981521,0.6862384
0.7363591996095656,0.6481527,0.63984394,0.5981409,0.68307376
0.7307955100048805,0.6481398,0.63849235,0.5981324,0.67946947
0.731966813079551,0.64813375,0.6360796,0.59811985,0.67864704
0.7424109321620302,0.6481199,0.63622093,0.5981113,0.6793934
0.7366520253782333,0.6481223,0.6367965,0.59811175,0.6793196
0.735285505124451,0.64811957,0.6361799,0.59811366,0.6797081
0.7302098584675452,0.6481165,0.63619095,0.5981131,0.68012697
0.7218155197657394,0.6481103,0.6338922,0.5981061,0.68011427
0.7271839921913129,0.64810085,0.63275266,0.59809524,0.67932594
0.7268911664226452,0.64809173,0.63290656,0.59809417,0.67776215
0.7185944363103953,0.64808905,0.6322999,0.59809494,0.6768606
0.726207906295754,0.64808464,0.62876433,0.5980828,0.67703545
0.7197657393850658,0.64807713,0.63057816,0.59807837,0.6765064
0.714787701317716,0.64807546,0.62859285,0.5980842,0.6753371
0.6969253294289898,0.64806783,0.62659156,0.59807354,0.6742612
0.7127379209370425,0.64804935,0.6219276,0.5980524,0.67406917
0.710688140556369,0.64803505,0.6235575,0.5980438,0.670897
0.709907271839922,0.6480261,0.62331367,0.59804916,0.6693946
0.7102977061981455,0.6480254,0.6229293,0.59804696,0.67137575
0.7133235724743777,0.6480211,0.62216663,0.5980426,0.67139304
0.7137140068326013,0.6480172,0.62371874,0.59804606,0.6708828
0.7075646656905807,0.6480189,0.6223855,0.5980481,0.67065597
0.7070766227428014,0.6480184,0.62286735,0.59804827,0.6709318
0.6951683748169839,0.6480118,0.6208123,0.59804475,0.67091036
0.6972181551976575,0.6480069,0.6185427,0.5980284,0.66997457
0.6850170815031723,0.647991,0.617514,0.598022,0.6671159
0.6865788189360664,0.6479758,0.61394966,0.5980034,0.6651268
0.6756466569058077,0.64796054,0.6141845,0.59799194,0.66300416
0.6863836017569546,0.6479399,0.61058784,0.5979793,0.6620467
0.6912640312347487,0.6479249,0.6133955,0.59797084,0.6605922
0.6897022938018545,0.64792824,0.61258316,0.5979786,0.66111887
0.6971205466081015,0.6479237,0.6141459,0.5979806,0.6629143
0.6937042459736457,0.6479306,0.61486065,0.5979874,0.6631365
0.6902879453391899,0.6479309,0.6146047,0.597992,0.6632378
0.6800390434358223,0.6479293,0.6146091,0.5979899,0.66341954
0.6910688140556369,0.6479243,0.61116207,0.59798115,0.6629993
0.7033674963396779,0.6479193,0.61469114,0.5979779,0.6618893
0.699170326988775,0.6479306,0.61637425,0.5979972,0.6610243
0.7054172767203514,0.6479396,0.6160511,0.5980029,0.6629162
0.7015129331381162,0.64794457,0.6189189,0.5980114,0.6650378
0.709028794533919,0.64795613,0.6191089,0.5980221,0.6661932
0.705710102489019,0.64796245,0.6197335,0.5980231,0.66711414
0.7033674963396779,0.647965,0.62015975,0.5980276,0.6674197
0.6965348950707663,0.64796966,0.62077236,0.5980294,0.66797185
0.6970229380185456,0.6479709,0.61910737,0.5980258,0.66808546
0.7125427037579307,0.647964,0.61895037,0.5980176,0.6674019
0.6886285993167399,0.64797646,0.62033594,0.5980195,0.66626143
0.6739873108833577,0.6479806,0.6146171,0.59801024,0.66486466
0.6857003416300634,0.6479542,0.6122397,0.5979877,0.6616822
0.6896046852122988,0.64793146,0.61356354,0.59797883,0.6578964
0.7051244509516837,0.64792645,0.61392653,0.59798056,0.65796924
0.7218155197657394,0.6479392,0.61685675,0.5979903,0.6615368
0.7236700829673012,0.647961,0.6219413,0.5980189,0.66392547
0.7160566129819425,0.6479857,0.62341,0.5980444,0.666554
0.7261102977061982,0.647995,0.624575,0.59805536,0.669615
0.7366520253782333,0.6480062,0.62648714,0.59806085,0.6714579
0.7183016105417277,0.648026,0.62972593,0.5980756,0.67262983
0.714787701317716,0.648039,0.62806773,0.59808826,0.6737814
0.7208394338701806,0.64803475,0.6267677,0.5980737,0.6744044
0.7183992191312836,0.6480315,0.6276103,0.5980692,0.67408276
0.710688140556369,0.6480349,0.6281655,0.5980728,0.6732163
0.7083455344070277,0.6480324,0.62582636,0.59806937,0.6738175
0.7030746705710103,0.64802563,0.62495494,0.5980557,0.67392933
0.7097120546608101,0.64801526,0.62296224,0.598045,0.67315423
0.7183992191312836,0.64800763,0.62390697,0.59803915,0.6710994
0.7358711566617863,0.64801574,0.6248194,0.5980458,0.67022467
0.7292337725719863,0.648039,0.6286011,0.59806347,0.6709591
0.7414348462664714,0.6480538,0.6269522,0.59807956,0.67191875
0.7464128843338214,0.6480607,0.6321938,0.5980872,0.6742027
0.737725719863348,0.64807785,0.6335548,0.59811056,0.6765517
0.7342118106393363,0.6480905,0.6330645,0.5981127,0.67904454
0.7263055148853099,0.6480886,0.6329186,0.59811085,0.67946225
0.7104929233772572,0.64808244,0.63177145,0.5981028,0.6794261
0.7175207418252807,0.6480792,0.6281016,0.59808916,0.67839265
0.711469009272816,0.6480626,0.6291041,0.59807813,0.6762532
0.7275744265495364,0.64805686,0.62673604,0.59807384,0.6743785
0.7257198633479746,0.6480622,0.6286584,0.5980683,0.6734468
0.7272816007808688,0.6480638,0.6291399,0.59808147,0.67407095
0.7182040019521718,0.6480668,0.6287819,0.598076,0.6743603
0.7118594436310396,0.6480652,0.6267725,0.59807754,0.6739914
0.7111761835041484,0.64805233,0.6268439,0.5980686,0.673224
0.7209370424597364,0.6480433,0.62562704,0.59806705,0.672845
0.7194729136163982,0.6480454,0.6270236,0.598065,0.6729914
0.7295265983406539,0.648044,0.62694407,0.59807146,0.67394614
0.7287457296242069,0.64805573,0.62873423,0.59807396,0.67468214
0.7397755002440215,0.64806104,0.62887555,0.5980837,0.67481923
0.7209370424597364,0.64807373,0.63135767,0.5980927,0.67567635
0.7132259638848218,0.64808047,0.6294327,0.5980994,0.6761404
0.710688140556369,0.64806986,0.6253425,0.598078,0.67609465
0.709028794533919,0.64805144,0.6263313,0.59806633,0.6746963
0.7042459736456809,0.64804184,0.62498033,0.59806335,0.67208207
0.7144948755490483,0.6480342,0.621562,0.59804666,0.671203
0.7161542215714983,0.64802384,0.6249201,0.59804416,0.6707647
0.7152757442654953,0.6480255,0.6242744,0.598055,0.6707844
0.7104929233772572,0.6480291,0.62519705,0.598056,0.6727768
0.7043435822352367,0.6480255,0.6237278,0.59805775,0.6732028
0.7180087847730601,0.64801735,0.62136114,0.5980419,0.67303437
0.7305026842362128,0.64802074,0.6242434,0.5980429,0.67147917
0.7172279160566131,0.6480322,0.62709033,0.59806705,0.67041147
0.7212298682284041,0.64804304,0.62507164,0.59807324,0.6723528
0.7374328940946804,0.64803755,0.6270765,0.5980695,0.6742542
0.7404587603709126,0.6480527,0.62968206,0.5980811,0.67446804
0.7469009272816007,0.64806706,0.63095343,0.59809446,0.6756735
0.748462664714495,0.64808327,0.63340294,0.5981078,0.6777259
0.7547096144460712,0.6480975,0.63505685,0.5981201,0.6791897
0.7524646168862861,0.6481172,0.63623965,0.59812903,0.6804372
0.7576378721327477,0.6481241,0.6379671,0.598139,0.68165183
0.7640800390434358,0.648136,0.63929003,0.5981468,0.6833688
0.7774524158125916,0.6481521,0.64109814,0.5981535,0.6848649
0.7823328452903856,0.6481739,0.6449833,0.5981676,0.68624866
0.8329917032698878,0.6481968,0.64652264,0.598186,0.6880621
0.8149341142020498,0.6482556,0.65632486,0.5982053,0.6906782
0.8080039043435823,0.6482849,0.6566601,0.59825516,0.6946691
0.8078086871644705,0.64830214,0.65839124,0.59825003,0.6991917
0.7980478282088824,0.6483011,0.65968925,0.5982553,0.7022199
0.7999999999999999,0.64830434,0.65823865,0.5982471,0.70247453
0.8122010736944851,0.6483089,0.65932274,0.5982444,0.7024685
0.8103465104929234,0.6483178,0.6606058,0.5982475,0.7024666
0.8051732552464617,0.6483271,0.66138697,0.59825146,0.7035161
0.7993167398731088,0.6483271,0.6604823,0.5982517,0.70472074
0.7977550024402148,0.648327,0.6599616,0.59824586,0.7047442
0.8232308443142997,0.6483208,0.6581179,0.59823895,0.7043555
0.8019521717911177,0.6483383,0.66195965,0.5982379,0.7030444
0.8002928257686677,0.6483445,0.6583053,0.5982541,0.7019559
0.8066373840897999,0.6483347,0.6597941,0.59824324,0.70298445
0.7969741337237678,0.64833826,0.658952,0.5982439,0.702989
0.7859443631039531,0.6483331,0.6575821,0.598238,0.70222163
0.7908247925817472,0.6483201,0.65416855,0.59823143,0.70154625
0.7619326500732064,0.6483115,0.6549653,0.5982201,0.7002964
0.7591996095656418,0.6483035,0.64792717,0.5982118,0.6990708
0.7710102489019034,0.64827853,0.6474601,0.5981914,0.6958076
0.779599804782821,0.64826804,0.6466844,0.5981889,0.6931405
0.7969741337237678,0.6482658,0.64770675,0.59818846,0.6918905
0.7997071742313324,0.6482781,0.6510846,0.5982036,0.69427645
0.8013665202537823,0.6482867,0.65216005,0.5982202,0.6973996
0.8424597364568083,0.6482992,0.65342313,0.59822595,0.6994549
0.8575890678379697,0.64833534,0.6605329,0.5982394,0.700221
0.8579795021961933,0.64836764,0.6650648,0.5982792,0.70314467
0.8568081991215227,0.6483917,0.667966,0.5982986,0.7093762
0.8740849194729137,0.64841413,0.67179596,0.59831107,0.7151028
0.8806246949731577,0.6484351,0.67333305,0.5983172,0.7173238
0.8722303562713519,0.6484548,0.6776055,0.5983249,0.7188487
0.8718399219131283,0.6484741,0.6765774,0.5983337,0.7201768
0.8764275256222548,0.648476,0.67736614,0.5983279,0.721594
0.8775012201073695,0.64847744,0.6800617,0.5983273,0.7221398
0.8815031722791606,0.6484885,0.67958474,0.5983335,0.7239299
0.8921425085407516,0.6484934,0.68207586,0.59833306,0.7260394
0.8957540263543192,0.6485044,0.6833896,0.59834003,0.7277828
0.9048316251830161,0.64851594,0.68531513,0.5983436,0.7298634
0.9046364080039043,0.648528,0.687367,0.5983497,0.7318554
0.8995607613469986,0.6485394,0.6889025,0.59835553,0.73355633
0.9093216203025866,0.6485435,0.68801713,0.59835595,0.73436904
0.9105905319668132,0.6485546,0.6892543,0.5983515,0.73444027
0.9254270375793071,0.64856154,0.69086134,0.59835434,0.73413754
0.8939970717423135,0.64857864,0.69288754,0.5983591,0.73491305
0.9096144460712542,0.64858586,0.68845,0.59836245,0.7351905
0.918106393362616,0.6485812,0.69025946,0.59834856,0.7344097
0.9276720351390922,0.6485783,0.69087946,0.5983506,0.73347414
0.9251342118106393,0.64859366,0.694208,0.5983546,0.73469317
0.9208394338701805,0.6486001,0.6934971,0.5983682,0.7377126
0.9294289897510982,0.64860225,0.6930536,0.5983609,0.7384422
0.9127379209370424,0.64860284,0.6944053,0.5983592,0.73841816
0.9023914104441192,0.64860547,0.69110954,0.5983633,0.73817706
0.8920448999511957,0.6485993,0.6901676,0.5983565,0.73715734
0.8839433870180576,0.64858603,0.6866603,0.59835184,0.73655045
0.9029770619814544,0.6485772,0.68375397,0.59833896,0.7343333
0.8989751098096633,0.6485843,0.68243456,0.5983288,0.7318748
0.9161542215714983,0.648575,0.6815809,0.59833574,0.72827506
0.9349926793557833,0.648581,0.68491995,0.5983335,0.7289822
0.9591996095656418,0.64860296,0.6879879,0.5983498,0.73188627
0.9322596388482186,0.6486263,0.6919745,0.59836227,0.7357093
0.9299170326988776,0.64863163,0.6899979,0.59837735,0.7385491
0.9555880917520742,0.6486227,0.6917733,0.5983677,0.7401817
0.9538311371400684,0.6486348,0.6944034,0.5983671,0.7403468
0.951586139580283,0.6486417,0.6967757,0.59837747,0.74231815
0.960566129819424,0.648651,0.6963028,0.5983839,0.7455312
0.9744265495363592,0.64865386,0.69880223,0.59837735,0.7472994
0.9154709614446072,0.6486671,0.7006285,0.5983795,0.74769044
0.9206442166910688,0.64866877,0.6904627,0.59837985,0.74764574
0.9101024890190336,0.6486398,0.69307363,0.598354,0.74442625
0.8979990239141046,0.64862466,0.6885176,0.59836125,0.7408227
0.8977061981454367,0.6486143,0.68488204,0.598346,0.73768383
0.9071742313323573,0.6485987,0.6848866,0.59834266,0.7373748
0.8911664226451927,0.64859307,0.68307495,0.5983409,0.7358216
0.8895070766227428,0.6485877,0.6808357,0.598343,0.73475295
0.8874572962420694,0.6485753,0.67959964,0.59833646,0.7343325
0.8905807711078575,0.648566,0.6781913,0.5983342,0.7330601
0.876232308443143,0.64856136,0.67859626,0.5983337,0.73127186
0.910688140556369,0.6485584,0.67214715,0.59833324,0.7306863
0.9043435822352367,0.64856195,0.68059385,0.5983219,0.72902524
0.8887262079062958,0.64856803,0.67610073,0.5983483,0.7288372
0.9119570522205954,0.6485653,0.6773469,0.598338,0.7309195
0.9130307467057103,0.64856756,0.6807567,0.59834456,0.7313452
0.9193753050268424,0.64857495,0.6818863,0.59835255,0.73253405
0.9132259638848218,0.6485865,0.6823677,0.59835696,0.73462963
0.8917520741825281,0.6485884,0.6847458,0.5983573,0.73535967
0.9038555392874573,0.6485879,0.6811552,0.59836364,0.73519564
0.9085407515861396,0.6485785,0.68289006,0.59834933,0.7348974
0.9025866276232309,0.6485748,0.6819545,0.59835327,0.73456097
0.9125427037579307,0.6485766,0.6822828,0.5983498,0.73487973
0.9368472425573452,0.64858544,0.6809379,0.5983528,0.73508906
0.9381161542215716,0.6485934,0.6876638,0.5983476,0.73545355
0.9522693997071742,0.64860594,0.6869714,0.5983707,0.737463
0.9399707174231332,0.64862347,0.6909481,0.5983678,0.7411904
0.9408491947291361,0.648628,0.69094217,0.5983783,0.74237216
0.9392874572962421,0.64863384,0.6938956,0.5983777,0.7436748
0.9292337725719865,0.6486315,0.692035,0.5983821,0.7444397
0.9472913616398243,0.6486278,0.6933236,0.59837466,0.7452115
0.9522693997071742,0.6486319,0.6947404,0.59837127,0.7453692
0.9471937530502684,0.648638,0.69592917,0.59837365,0.7454983
0.9143972669594925,0.6486422,0.69545424,0.5983771,0.7465209
0.9033674963396779,0.6486411,0.6905013,0.5983709,0.7465887
0.8805270863836018,0.6486217,0.68767273,0.5983554,0.7441156
0.8793557833089313,0.6485959,0.6820556,0.59834325,0.7394918
0.8687164470473402,0.64857894,0.6803079,0.59833,0.7335764
0.8634455832113226,0.6485629,0.67511797,0.59832406,0.7307564
0.8888238164958516,0.64854836,0.6739434,0.59831274,0.7277373
0.9039531478770132,0.64854854,0.675905,0.5983174,0.7258685
0.9332357247437776,0.6485577,0.67750835,0.5983274,0.72699225
0.9121522693997072,0.6485832,0.6833422,0.5983424,0.73117554
0.914006832601269,0.64859414,0.68285763,0.59836626,0.7347981
0.917325524646169,0.6485852,0.6836511,0.5983593,0.7368094
0.9046364080039043,0.6485874,0.68429625,0.59835964,0.7368392
0.9020985846754516,0.6485847,0.6841097,0.5983603,0.73662543
0.9063933626159103,0.6485791,0.68292165,0.59835917,0.7367569
0.9335285505124452,0.64857656,0.6836432,0.59835243,0.7367712
0.9192776964372865,0.648594,0.68799543,0.5983542,0.7368278
0.8851146900927283,0.6485973,0.68580365,0.5983703,0.73854995
0.8859931673987311,0.64859056,0.68077767,0.59835875,0.7389984
0.8826744753538313,0.6485715,0.67896414,0.59834063,0.7377737
0.87701317715959,0.64855367,0.6783923,0.5983337,0.7335305
0.87701317715959,0.6485529,0.67522895,0.5983361,0.72991765
0.8309419228892142,0.64854693,0.6757219,0.59832793,0.7293308
0.8345534407027818,0.64853656,0.66536546,0.5983251,0.7291287
0.8294777940458761,0.6484972,0.66412735,0.5982889,0.72442687
0.8742801366520253,0.64847434,0.6620246,0.5982866,0.7192626
0.8465592972181553,0.6484976,0.66617024,0.5982856,0.714936
0.8754514397266959,0.6484952,0.66293347,0.5983064,0.71622205
0.8575890678379697,0.64849716,0.6675277,0.59829736,0.7181751
0.8507564665690581,0.6484897,0.66542315,0.5983119,0.7179563
0.8490971205466081,0.6484846,0.6666827,0.5983075,0.71891195
0.851634943875061,0.6484755,0.66690147,0.5983105,0.71926713
0.8441190824792583,0.64847165,0.66537225,0.59830403,0.7192606
0.8545632015617375,0.6484632,0.6653161,0.5982983,0.7185068
0.8626647144948756,0.64846206,0.6669265,0.598302,0.7178296
0.8103465104929234,0.64846593,0.66786027,0.5983052,0.7187375
0.8017569546120059,0.64846736,0.65815914,0.5983013,0.71883726
0.8192288921425086,0.6484206,0.6549045,0.59826183,0.7163048
0.8254758418740848,0.64840215,0.65585506,0.59825265,0.7106915
0.8340653977550024,0.6484052,0.65722305,0.59826255,0.7061194
0.8408979990239142,0.64841366,0.6580517,0.5982747,0.71011436
0.8472425573450464,0.64841485,0.6612915,0.59827876,0.71287644
0.8496827720839434,0.6484232,0.66308993,0.5982901,0.7144111
0.8369936554416789,0.6484331,0.66244495,0.5982946,0.7150543
0.8349438750610054,0.64843,0.66323787,0.5982882,0.71513224
0.8416788677403612,0.6484287,0.6618813,0.59829354,0.71384156
0.818936066373841,0.64842534,0.6620207,0.5982853,0.7129959
0.8269399707174232,0.6484169,0.66053265,0.59828556,0.7129239
0.8288921425085408,0.64840806,0.6613129,0.5982762,0.71270007
0.808979990239141,0.64840704,0.66005206,0.5982741,0.7119473
0.7978526110297706,0.6483958,0.6575498,0.5982684,0.7105274
0.8020497803806735,0.6483793,0.6551875,0.5982568,0.7096007
0.7797950219619326,0.64836895,0.65388584,0.59824586,0.7077545
0.7773548072230356,0.64834964,0.6496222,0.598233,0.70522356
0.785261102977062,0.64832747,0.6481812,0.5982163,0.7022537
0.769643728648121,0.6483159,0.6472856,0.598211,0.69967335
0.7580283064909712,0.64830136,0.64286816,0.59820056,0.6976658
0.7816495851634944,0.64828575,0.6411807,0.5981848,0.6957948
0.783699365544168,0.6482755,0.64380634,0.5981885,0.6929997
0.7942410932162031,0.6482799,0.6445468,0.598199,0.69283605
0.8152269399707174,0.648284,0.64700246,0.5982071,0.69636524
0.8154221571498292,0.64830315,0.65125066,0.59822214,0.6983501
0.8023426061493412,0.6483135,0.65350497,0.5982408,0.70079875
0.8038067349926793,0.6483282,0.6535303,0.5982505,0.7028918
0.7970717423133236,0.64832056,0.6539233,0.5982481,0.70403945
0.8095656417764764,0.64832044,0.65235806,0.5982398,0.70396864
0.7958028306490972,0.6483252,0.65454423,0.59823644,0.70229864
0.8022449975597853,0.64832294,0.6511,0.59823817,0.70140004
0.8075158613958029,0.648316,0.6539577,0.598232,0.7013929
0.8119082479258175,0.6483214,0.6547313,0.59824324,0.70232725
0.8170815031722791,0.6483335,0.6563816,0.59824836,0.7045964
0.819716935090288,0.6483407,0.6572163,0.598256,0.705863
0.8047828208882382,0.64835155,0.6591232,0.59825873,0.7064219
0.7987310883357736,0.6483506,0.6562862,0.59826165,0.7064486
0.8235236700829673,0.6483393,0.6539954,0.5982431,0.706351
0.8129819424109322,0.6483412,0.6599363,0.5982441,0.70481646
0.8373840897999024,0.6483531,0.6576079,0.5982628,0.70479846
0.821376281112738,0.64836955,0.6632587,0.5982609,0.7075939
0.8022449975597853,0.6483774,0.6602522,0.59827924,0.70816076
0.8107369448511469,0.64836466,0.6563769,0.5982534,0.7081096
0.8149341142020498,0.6483506,0.65943587,0.5982477,0.70661724
0.8229380185456321,0.64835584,0.659773,0.59825706,0.7049345
0.8284040995607614,0.6483641,0.6611239,0.5982616,0.7067888
0.8250854075158615,0.6483737,0.66224635,0.59826803,0.70853496
0.8265495363591997,0.64837605,0.66213727,0.5982679,0.7089962
0.8298682284040996,0.64837754,0.6630821,0.598269,0.7089404
0.8235236700829673,0.6483838,0.66377485,0.59827423,0.70909834
0.8821864324060518,0.648384,0.6634254,0.59827554,0.7097899
0.88696925329429,0.6484251,0.67321193,0.598284,0.7116829
0.8907759882869694,0.6484605,0.6771853,0.5983304,0.7163024
0.8882381649585164,0.64848506,0.67953765,0.5983423,0.723395
0.9047340165934602,0.64849293,0.6811999,0.5983447,0.7272723
0.9082479258174719,0.6485094,0.6854527,0.59834564,0.72839797
0.9102000976085897,0.64852417,0.68707025,0.5983578,0.73019445
0.9310883357735481,0.64854157,0.68987226,0.5983622,0.73336077
0.9299170326988776,0.64856243,0.69334614,0.59836584,0.73593307
0.9314787701317716,0.64857686,0.6939168,0.59837496,0.7381501
0.9167398731088335,0.64858496,0.69656414,0.598372,0.74034953
0.9042459736456808,0.6485908,0.6941041,0.59837735,0.74088675
0.9082479258174719,0.6485876,0.69158417,0.5983624,0.7409142
0.8915568570034164,0.64857984,0.69178545,0.59835386,0.73891795
0.8797462176671547,0.64857453,0.6873065,0.59835243,0.7362232
0.8812103465104929,0.64855796,0.6852381,0.5983408,0.73407865
0.8897022938018546,0.6485487,0.6834994,0.59833115,0.7331991
0.8693020985846754,0.64854646,0.68303597,0.5983287,0.73056114
0.8719375305026843,0.6485424,0.6801652,0.5983359,0.7293464
0.8570034163006345,0.6485314,0.6783198,0.5983259,0.7290312
0.8506588579795022,0.64851964,0.67531395,0.59831965,0.72869706
0.8680331869204491,0.6485072,0.67376983,0.5983105,0.7258456
0.8632503660322108,0.64850354,0.67394006,0.59830904,0.72295743
0.8563201561737434,0.648504,0.673848,0.5983134,0.72194266
0.8753538311371402,0.648502,0.6709645,0.598315,0.72238445
0.8907759882869694,0.64850116,0.6740488,0.59831035,0.7222722
0.8897022938018546,0.64851093,0.6758975,0.5983229,0.7229513
0.8983894582723281,0.6485178,0.6779777,0.5983342,0.7264089
0.8731088335773548,0.6485291,0.68002295,0.59834325,0.7294439
0.8789653489507077,0.6485312,0.6765852,0.5983474,0.73004806
0.8912640312347487,0.64852095,0.67732,0.5983318,0.72978246
0.8888238164958516,0.6485263,0.678957,0.5983371,0.7288102
0.8893118594436311,0.6485368,0.67679894,0.5983386,0.72788346
0.8817959980478283,0.6485362,0.6777042,0.59833694,0.7283335
0.866471449487555,0.6485296,0.6764827,0.5983361,0.7283468
0.8670571010248902,0.6485283,0.67537475,0.598336,0.7283248
0.8526110297706198,0.64851713,0.67363024,0.5983287,0.7280942
0.846656905807711,0.6485075,0.6694666,0.5983183,0.7267475
0.8414836505612494,0.64848804,0.66805357,0.59830326,0.72398484
0.8507564665690581,0.6484802,0.6668538,0.598302,0.7208513
0.8392386530014642,0.6484742,0.66656065,0.5982988,0.7187884
0.8235236700829673,0.6484686,0.66439986,0.5982964,0.7184391
0.8468521229868229,0.6484552,0.6621107,0.59828824,0.71761894
0.8737920937042459,0.648449,0.66411984,0.59828424,0.71576095
0.8731088335773548,0.64846355,0.66857684,0.59829473,0.7156249
0.8548560273304051,0.6484753,0.67036897,0.5983161,0.7198752
0.7540263543191801,0.6484778,0.6687993,0.5983188,0.72221303
0.7540263543191801,0.6484595,0.6458076,0.5982771,0.72175944
0.7564665690580771,0.6483672,0.6463543,0.5982084,0.71134055
0.750024402147389,0.648327,0.6400105,0.5981947,0.699221
0.772083943387018,0.6483016,0.63849115,0.5981747,0.69108135
0.7642752562225475,0.64829826,0.6376269,0.5981735,0.69152963
0.7797950219619326,0.6482766,0.6379498,0.5981709,0.69155014
0.7900439238653002,0.6482713,0.63938165,0.5981764,0.6918535
0.7873108833577355,0.6482763,0.64271,0.59818995,0.69271195
0.7807711078574915,0.6482793,0.6429168,0.5982065,0.6952147
0.7976573938506589,0.6482763,0.6428169,0.5982052,0.69627327
0.8179599804782821,0.64828455,0.64507955,0.5982093,0.6965001
0.7927769643728648,0.64829814,0.65160733,0.59822637,0.697726
0.7977550024402148,0.64831656,0.64464146,0.59823227,0.69802284
0.7974621766715472,0.6483061,0.6506934,0.59822387,0.6977041
0.8120058565153734,0.64830697,0.64922655,0.59824014,0.6974292
0.8169838945827234,0.6483201,0.6525322,0.5982343,0.70008886
0.8162030258662762,0.648335,0.6541811,0.59825087,0.7013769
0.8374816983894583,0.6483395,0.65503275,0.5982518,0.70245934
0.8472425573450464,0.64836955,0.6617867,0.5982601,0.7034912
0.8644216691068815,0.6483928,0.66179323,0.5982884,0.70522225
0.8802342606149341,0.6484082,0.6687038,0.5982876,0.70908093
0.8848218643240606,0.6484351,0.6728277,0.59831774,0.71472645
0.8644216691068815,0.6484591,0.67711246,0.59832853,0.72004014
0.8678379697413372,0.648473,0.6756083,0.59834063,0.723152
0.8448023426061494,0.6484785,0.6775291,0.59832805,0.72334135
0.8410932162030259,0.64847934,0.67141867,0.5983225,0.7230408
0.8465592972181553,0.6484544,0.67328453,0.5983027,0.7194085
0.8306490971205466,0.6484542,0.67183375,0.59830433,0.7174263
0.8192288921425086,0.64845675,0.6686119,0.5982976,0.7162646
0.8428501708150317,0.64843595,0.66693497,0.5982855,0.71601593
0.8481210346510493,0.64843154,0.66962856,0.5982735,0.7135031
0.8639336261591021,0.6484342,0.6700547,0.5982884,0.7122895
0.8693020985846754,0.6484482,0.67359877,0.59829664,0.7158681
0.8810151293313813,0.64846,0.67544687,0.5983144,0.7199253
0.8727183992191313,0.6484744,0.67817014,0.5983219,0.723032
0.8773060029282577,0.648486,0.6782794,0.5983312,0.7243937
0.8870668618838458,0.64848757,0.6791345,0.5983304,0.725324
0.8848218643240606,0.6485027,0.6800206,0.59832877,0.7255081
0.8938994631527574,0.6485087,0.68148595,0.59833676,0.7252557
0.8883357735480722,0.6485177,0.6828275,0.59834015,0.7268573
0.88033186920449,0.6485218,0.6824895,0.59834373,0.72899723
0.890971205466081,0.6485259,0.6819222,0.5983432,0.7294108
0.893411420204978,0.6485237,0.68317425,0.59833646,0.7293135
0.8848218643240606,0.6485324,0.68433046,0.5983441,0.72940624
0.9057101024890192,0.6485346,0.6822866,0.5983453,0.7302879
0.88033186920449,0.6485434,0.68509984,0.59834015,0.7309817
0.8753538311371402,0.64855117,0.68205726,0.59835064,0.73097956
0.8452903855539288,0.64853776,0.67946255,0.5983376,0.73012924
0.8243045387994143,0.6485193,0.6732223,0.5983238,0.7294582
0.8204001952171791,0.64849234,0.66654384,0.59829295,0.7248688
0.8199121522693997,0.64846134,0.66460717,0.5982803,0.7180855
0.8113225963884823,0.64844304,0.6606238,0.59827125,0.7129371
0.8042947779404588,0.64843345,0.6581662,0.59826195,0.71118426
0.8058565153733529,0.6484095,0.65470016,0.5982518,0.7101852
0.8005856515373353,0.6483928,0.6547792,0.5982403,0.70745456
0.7980478282088824,0.6483785,0.6517503,0.59824145,0.70482254
0.8047828208882382,0.6483627,0.6519937,0.59823394,0.70374274
0.8022449975597853,0.6483551,0.6520214,0.59823835,0.7042457
0.7995119570522206,0.6483505,0.6512871,0.59823656,0.7040272
0.7904343582235237,0.64834714,0.64912444,0.59823,0.7036564
0.7755002440214739,0.64833546,0.64880896,0.5982262,0.7021191
0.7867252318204002,0.64832294,0.6445826,0.5982197,0.69981396
0.7856515373352855,0.64830947,0.645959,0.5982067,0.6969552
0.7774524158125916,0.64831126,0.6456002,0.5982138,0.6952001
0.7686676427525623,0.64830875,0.64090574,0.59820485,0.6936705
0.763103953147877,0.6482875,0.64183414,0.5981921,0.69253564
0.7703269887750123,0.64826876,0.63852155,0.59818554,0.690428
0.7649585163494388,0.64826214,0.63902736,0.5981744,0.6879662
0.7535383113714007,0.64825416,0.6383358,0.59817624,0.68704444
0.7465104929233773,0.6482434,0.6357981,0.5981716,0.685768
0.741825280624695,0.64822286,0.6335194,0.59815276,0.6852374
0.7437774524158126,0.64820284,0.63166225,0.598137,0.6828563
0.7322596388482187,0.64819014,0.6307175,0.59812737,0.67977226
0.7296242069302099,0.6481788,0.628361,0.59812224,0.6763407
0.7482674475353831,0.6481625,0.6255955,0.5981025,0.67412084
0.7494387506100537,0.648152,0.63012195,0.5981116,0.67207533
0.7423133235724744,0.6481502,0.63079846,0.5981247,0.6746732
0.7537335285505125,0.64815253,0.6315056,0.59812754,0.6794694
0.7466081015129331,0.64815307,0.6338761,0.5981313,0.68008244
0.7338213762811128,0.6481526,0.6327957,0.59813356,0.67959297
0.7298194241093217,0.64814496,0.6301522,0.59811985,0.67950773
0.7247437774524158,0.64813244,0.63102955,0.5981176,0.6782998
0.7318692044899952,0.64812064,0.6287886,0.59810853,0.6769043
0.7609565641776476,0.64812195,0.6282332,0.5980935,0.67522085
0.7717911176183504,0.6481404,0.635636,0.5981154,0.67341495
0.7677891654465593,0.6481643,0.63767684,0.59815276,0.67516315
0.7698389458272329,0.6481774,0.6397532,0.5981631,0.6817791
0.7566617862371888,0.6481861,0.64118016,0.5981702,0.6857494
0.7550024402147388,0.64818734,0.63980186,0.59816843,0.68584543
0.7512933138116155,0.648177,0.63927424,0.5981591,0.6856619
0.7572474377745242,0.64817584,0.63874745,0.59815264,0.68516284
0.7478770131771596,0.6481754,0.63964784,0.59815216,0.6836773
0.7438750610053685,0.64817584,0.6375022,0.5981513,0.6832911
0.7405563689604686,0.648165,0.6370477,0.5981418,0.68325365
0.7298194241093217,0.6481581,0.6360383,0.59813416,0.68309385
0.7207418252806247,0.6481482,0.63255954,0.5981209,0.68159044
0.7080527086383602,0.6481304,0.63058335,0.59810555,0.67931354
0.6976085895558809,0.6481085,0.6258973,0.59808457,0.6765199
0.6874572962420694,0.6480763,0.6220457,0.5980569,0.67285186
0.6911664226451928,0.648044,0.61842203,0.5980282,0.6699003
0.702489019033675,0.6480205,0.61669147,0.5980085,0.66546
0.677891654465593,0.6480106,0.617571,0.59800863,0.66173816
0.6716447047340166,0.647998,0.61274594,0.598003,0.66004264
0.6442166910688141,0.64795864,0.6103778,0.5979754,0.6599271
0.6451927769643728,0.64792573,0.60254574,0.5979362,0.6591041
0.6371888726207906,0.64787173,0.6006398,0.59789956,0.65380013
0.6301610541727672,0.6478357,0.5964322,0.5978731,0.64987975
0.6285993167398731,0.64780045,0.5925226,0.59783864,0.64592946
0.632796486090776,0.64775753,0.5893779,0.5978091,0.64405835
0.6185456320156174,0.64772975,0.58932483,0.597792,0.6407071
0.6244997559785261,0.64770985,0.5844917,0.5977707,0.6385221
0.6301610541727672,0.6476778,0.5860996,0.5977706,0.6352786
0.6189360663738409,0.6476606,0.5860435,0.59776294,0.6348593
0.5990239141044412,0.6476517,0.58450866,0.59776103,0.63642514
0.6077110785749147,0.6476208,0.57783747,0.5977273,0.6361716
0.6107369448511468,0.6475812,0.5783606,0.59769917,0.63322663
0.6063445583211323,0.6475637,0.5793512,0.5976988,0.63061845
0.6158125915080528,0.64755654,0.5776082,0.5976939,0.63038456
0.6217667154709615,0.6475481,0.57878745,0.5976912,0.63052887
0.6179599804782822,0.6475508,0.58101285,0.59770656,0.63016
0.635334309419229,0.6475545,0.5799389,0.59771025,0.6301478
0.636896046852123,0.6475718,0.584718,0.5977353,0.63068175
0.6515373352855052,0.6475861,0.5862125,0.5977627,0.6323024
0.6494875549048317,0.6476145,0.590333,0.59778464,0.63623726
0.6348462664714496,0.6476401,0.5926018,0.5978161,0.6387675
0.6372864812103466,0.6476518,0.5897608,0.5978143,0.6394826
0.6239141044411909,0.6476466,0.59141886,0.597809,0.6393212
0.6287945339189849,0.6476463,0.58813405,0.59780014,0.6385983
0.6217667154709615,0.6476357,0.5880914,0.59778386,0.6366497
