Actual,LSTM_Predicted,GRU_Predicted,SRNN_Predicted,CNN_Predicted,BLSTM
0.5405806354690904,0.51539594,0.48933724,0.47208652,0.51337254,0.53902984
0.5399421617967399,0.5161945,0.49056068,0.47203135,0.51451576,0.5393285
0.5414632314279275,0.5165134,0.49008182,0.4733994,0.51531833,0.53897125
0.5157740554345377,0.5163598,0.48988912,0.47194475,0.5154226,0.5381104
0.5252384886952602,0.5134109,0.48118713,0.46278605,0.51515245,0.5289972
0.5365620070607677,0.51076525,0.48356512,0.46001947,0.51024556,0.5284499
0.5334447532487042,0.5095108,0.4850355,0.4654567,0.50882256,0.53120136
0.5359235333884173,0.50948435,0.48637602,0.46930197,0.509135,0.5336122
0.5264778787651169,0.51015115,0.48632115,0.47234035,0.50973135,0.53483933
0.5233606249530534,0.51053596,0.48557007,0.47250977,0.5098503,0.5342305
0.5188913092466011,0.5102201,0.48310393,0.4674367,0.50909775,0.53206056
0.5058401562382634,0.5092177,0.48135665,0.46053362,0.5074237,0.52968544
0.5197739052054383,0.5068478,0.47631148,0.4570251,0.50581264,0.5241627
0.5112484038158192,0.50468135,0.4777526,0.45717523,0.50180656,0.5233933
0.5152858108615639,0.5025531,0.4745862,0.4564765,0.49991265,0.52105725
0.5128070307218507,0.5013224,0.47620344,0.458888,0.4980061,0.5219262
0.5027980169758882,0.50059026,0.47514692,0.457263,0.49723697,0.5219547
0.5119995493127019,0.49960178,0.47237846,0.45488358,0.49557528,0.51979446
0.48570945692180567,0.4987408,0.47314736,0.45341146,0.49459213,0.5198293
0.4879816720498761,0.49669796,0.46666077,0.44899046,0.49291185,0.5147705
0.49066701720123196,0.49391013,0.464057,0.44366777,0.48906147,0.51094943
0.48666716743033134,0.4915617,0.46402612,0.44132575,0.48647416,0.510707
0.47382257943363626,0.48943508,0.462252,0.44478357,0.4832585,0.50982505
0.47628258093592724,0.48688638,0.4574944,0.43786708,0.48090404,0.50631446
0.46347555021407644,0.48441577,0.45603,0.43703565,0.47745878,0.50488967
0.4621986028693758,0.48137486,0.4515451,0.43410537,0.47485864,0.5009544
0.46244272515586266,0.47812504,0.4487848,0.42796272,0.46993288,0.49749497
0.4451476000901375,0.4752432,0.44734487,0.42926595,0.46663558,0.4957275
0.4498610380830767,0.47169358,0.4413192,0.42476904,0.4628251,0.49019206
0.4610906632614738,0.46833104,0.43947068,0.42144156,0.45795575,0.48725033
0.4643393675354916,0.4660023,0.44077656,0.42437437,0.45445827,0.4880384
0.45791707353714417,0.46527386,0.44257262,0.42881507,0.453245,0.49058768
0.4506497408548035,0.4650975,0.440546,0.42825943,0.4526159,0.4900528
0.4449973709907609,0.46478856,0.43930188,0.42461798,0.45213658,0.4885548
0.4415421017051003,0.46301252,0.43485525,0.42121047,0.4511095,0.48423705
0.4435514159092616,0.4609056,0.43352816,0.4147091,0.447026,0.481954
0.4475700443175843,0.45901614,0.4320089,0.41661194,0.44468814,0.4805041
0.4423495831142492,0.45735967,0.43210346,0.41611254,0.4425367,0.4796612
0.43925110793960787,0.45642602,0.43157876,0.41947803,0.4415217,0.4793953
0.4484901975512657,0.4556117,0.43057892,0.41700733,0.44036064,0.47815308
0.4588184481334034,0.45528692,0.4320556,0.41800433,0.43924472,0.47891948
0.45639600390595664,0.45599574,0.4348024,0.42204714,0.4398383,0.48186287
0.4460677533238188,0.45745236,0.4358451,0.42352653,0.4418283,0.4842517
0.45294073462029594,0.45832473,0.434099,0.4223978,0.4426147,0.48287314
0.4466311124464809,0.45878524,0.43439963,0.42150623,0.44317448,0.48241493
0.44533538646435816,0.45860517,0.4332527,0.41903344,0.44265074,0.48081252
0.4393074438518741,0.45816314,0.43207413,0.41671318,0.44241476,0.4791653
0.43143919477202736,0.45707184,0.43020174,0.41392198,0.44167796,0.4764222
0.4216743033125517,0.45551515,0.42785642,0.41203332,0.44022346,0.47312933
0.419589874558702,0.4526068,0.42249247,0.40553367,0.43807724,0.46702954
0.42411552617742054,0.4496755,0.42096853,0.40200317,0.43395686,0.46407002
0.42099827236535714,0.44694984,0.41988194,0.40218136,0.43129483,0.4620567
0.41998422594456547,0.4445454,0.41820568,0.40201598,0.42770907,0.45987087
0.42060392097949373,0.44287986,0.41787848,0.40288186,0.42569634,0.4591889
0.42728911590175017,0.44158983,0.41663617,0.4029283,0.42375937,0.45800135
0.4258619394576729,0.4411819,0.41822663,0.4033863,0.4230426,0.45924005
0.41551491023811316,0.44121224,0.4182882,0.40457615,0.42243317,0.4598527
0.42064147825433784,0.44071394,0.41512653,0.40049362,0.42196012,0.45715144
0.41872605723728684,0.44023246,0.41542915,0.4006086,0.42103022,0.45684376
0.4193269736347931,0.43963772,0.41476578,0.3990776,0.42018414,0.45641786
0.4142004056185683,0.43930173,0.41597503,0.40154365,0.4193797,0.45690396
0.44071584165852923,0.438828,0.41368493,0.39935166,0.41891617,0.45508254
0.43335461578907836,0.43929362,0.42014983,0.40421355,0.4198008,0.45894697
0.4412979794186134,0.44079173,0.42052606,0.41179812,0.42102003,0.46144336
0.44157965897994444,0.44305217,0.42341736,0.40948096,0.42489874,0.46451226
0.44847141891384357,0.44535536,0.4244342,0.41207463,0.42619073,0.46630773
0.4619544805828889,0.44751322,0.4272568,0.41398266,0.42915726,0.4686776
0.46807631638248326,0.45034218,0.43254617,0.41878566,0.4318089,0.47364166
0.4605273041388117,0.45391196,0.43624586,0.42554295,0.43598017,0.4783651
0.46725005633591227,0.4576401,0.43755242,0.42752203,0.44073915,0.48119494
0.4758882295500638,0.46093315,0.4395357,0.42404532,0.44513288,0.48319557
0.485221212348832,0.46420258,0.44416183,0.43013698,0.4488638,0.48690775
0.4867610606174415,0.46775985,0.44820085,0.43625736,0.4533821,0.4910603
0.4785360174265755,0.471519,0.45102292,0.4389715,0.458638,0.494449
0.48167204987606094,0.47419804,0.45068637,0.43778825,0.461593,0.49387148
0.48349357770600165,0.47630268,0.45263216,0.43621147,0.46437997,0.49445787
0.48589724329602646,0.47768515,0.4526318,0.43681914,0.46553862,0.49404255
0.49400961466236004,0.47883356,0.45499244,0.4367306,0.46785226,0.49491763
0.4986103808307669,0.48007357,0.45683244,0.4413307,0.4690157,0.49630886
0.5029670247126868,0.48186857,0.46008432,0.44610536,0.4721899,0.49930868
0.49744610531059863,0.48423034,0.4624981,0.447896,0.47493666,0.5023595
0.5059340494253737,0.48631954,0.46248206,0.44717497,0.47759596,0.50295526
0.5060654998873282,0.48815364,0.46493706,0.44718862,0.47962394,0.5045777
0.5028167956133103,0.4898525,0.46644434,0.44934726,0.48136783,0.50621295
0.5325058213776008,0.49118757,0.4666189,0.4504673,0.483158,0.5066224
0.5253323818823706,0.49285752,0.4721125,0.454706,0.4852625,0.51016
0.5229287162923458,0.49585873,0.47722962,0.46606666,0.48901883,0.51590997
0.5228911590175016,0.49849832,0.47589353,0.4617628,0.49197468,0.516534
0.5248253586719748,0.500736,0.476885,0.4552037,0.49602574,0.51729035
0.5212574175617817,0.50232404,0.4780251,0.46302164,0.4970719,0.51834995
0.5251258168707278,0.5034478,0.47857538,0.45838115,0.49880832,0.51913136
0.5126380229850522,0.5040941,0.47894973,0.46008748,0.4994372,0.5198751
0.5167881018553293,0.5036767,0.47671893,0.45815158,0.499968,0.5174684
0.5153045894989859,0.50333714,0.47706679,0.45674932,0.4991644,0.51771724
0.5129948170960715,0.5031472,0.47689787,0.4568759,0.49914238,0.51842266
0.510666266055735,0.50266874,0.47649696,0.45518392,0.49896306,0.5184131
0.5129009239089611,0.5016792,0.47406366,0.45630383,0.49810392,0.516887
0.5108728310673778,0.50093716,0.47504064,0.4547537,0.49695328,0.51752794
0.5089386314129046,0.5002285,0.47383898,0.4548829,0.49620137,0.51722604
0.5034177120108164,0.49907154,0.472068,0.4526145,0.49475282,0.51568085
0.5062720648989709,0.49794954,0.4712264,0.4513722,0.49350786,0.5152021
0.5001690077367986,0.49698102,0.470427,0.45154914,0.49192572,0.51492774
0.5073424472320288,0.49590415,0.46917236,0.4512018,0.49068505,0.5137957
0.5067790881093668,0.49517953,0.46980086,0.45077753,0.48936474,0.5142449
0.5211635243746713,0.49514967,0.4708515,0.45410758,0.48921934,0.5159815
0.5192105460827763,0.49591058,0.47422177,0.45870882,0.48989943,0.51928735
0.523792533613761,0.4974612,0.4749829,0.46159536,0.4915188,0.5220982
0.5332569668744837,0.49933118,0.47686055,0.46281785,0.49421525,0.52460843
0.5422331555622324,0.50136364,0.47990516,0.46594304,0.4958204,0.5278138
0.5425711710358296,0.50355,0.48290417,0.47131288,0.4985088,0.531044
0.5450499511755427,0.5064959,0.48547837,0.47312438,0.5025276,0.5349352
0.5455381957485165,0.50981367,0.48790082,0.47507894,0.5070867,0.53860116
0.5486554495605799,0.5127492,0.48964587,0.47645503,0.5106819,0.540872
0.5465710208067303,0.51516604,0.49140456,0.47662708,0.51346177,0.54275554
0.5404116277322917,0.5168688,0.49198762,0.47758222,0.5154676,0.5436607
0.5382333057913318,0.5175993,0.49091315,0.47601265,0.5165659,0.5423589
0.5307406294599264,0.51730925,0.48977634,0.47299433,0.5168927,0.5400528
0.5374446030196048,0.51614934,0.48751602,0.46849978,0.5159046,0.53724253
0.5357357470141967,0.5148203,0.48810935,0.46821666,0.5143889,0.5365146
0.5506459851273192,0.5136501,0.48734108,0.47044218,0.51305443,0.53580755
0.5486366709231578,0.51346296,0.49103126,0.47483492,0.5130089,0.53832316
0.5511342297002929,0.5145465,0.492703,0.48109424,0.51419514,0.5413729
0.5304777285360174,0.51634794,0.49419725,0.48160768,0.51679474,0.543721
0.5307406294599264,0.5168181,0.48990333,0.474765,0.51737475,0.540064
0.5395102531360325,0.51615584,0.48805192,0.47023255,0.51661706,0.53689766
0.5460827762337565,0.51532835,0.48953846,0.4690546,0.5148668,0.5369888
0.5467212499061068,0.5153617,0.49123135,0.47595003,0.51472527,0.5392281
0.5478479681514309,0.5156665,0.49135223,0.47686425,0.51531476,0.5396202
0.5431908660707578,0.5165735,0.4931288,0.47931075,0.5164703,0.54127985
0.544862164801322,0.5173389,0.49244794,0.4788012,0.5168184,0.54132235
0.5314917749568091,0.5177222,0.4924656,0.47315913,0.5172107,0.541086
0.5061593930744386,0.51723564,0.48969823,0.47123522,0.5172448,0.5386753
0.5184218433110493,0.5138964,0.48042908,0.4593966,0.515779,0.5291673
0.48572823555922784,0.5102331,0.48117104,0.45512953,0.509896,0.52686137
0.4725456320889356,0.50420976,0.46986285,0.448274,0.50637126,0.5165828
0.4714001352061894,0.49737507,0.46250555,0.4338043,0.49598527,0.50754726
0.47355967850972736,0.49092966,0.45901123,0.43284473,0.49049273,0.50309575
0.486592052880643,0.4857024,0.4568297,0.43432653,0.48195022,0.5013749
0.5128070307218507,0.4830178,0.45959812,0.44056958,0.47841936,0.50479174
0.5034177120108164,0.48334485,0.4657533,0.45370802,0.47735685,0.5121871
0.4924322091189064,0.4854343,0.4658235,0.46079248,0.4788593,0.5161089
0.4925636595808608,0.48719692,0.46343467,0.45064712,0.48006463,0.51533043
0.49887328175467593,0.488024,0.46212277,0.44655615,0.480809,0.51397973
0.5290881093667843,0.4879489,0.46216017,0.44700292,0.47975564,0.5131725
0.534477578306918,0.4893232,0.4708496,0.45614868,0.48110458,0.5199909
0.5325058213776008,0.49276268,0.47528127,0.47008976,0.48550716,0.5271125
0.5412003305040186,0.49721998,0.4784411,0.4701673,0.49224213,0.5318104
0.5442236911289716,0.50159204,0.48194358,0.47401667,0.496304,0.535585
0.5252197100578382,0.5056853,0.48485604,0.4737328,0.5012751,0.5391082
0.5266656651393374,0.50789475,0.48227364,0.46772376,0.5035122,0.53706956
0.4943476301359573,0.5087501,0.48171005,0.46536034,0.505502,0.53507906
0.47538120633966796,0.5061678,0.47203878,0.45373395,0.50544894,0.5247783
0.4767896041463231,0.50124884,0.4655097,0.43959966,0.50013655,0.5148664
0.45746638623901453,0.49541408,0.4615217,0.43584347,0.49459326,0.5086689
0.45602043115751517,0.48875982,0.45435932,0.42799526,0.48631093,0.50108016
0.48264853902200855,0.4816689,0.4481336,0.42367694,0.47902673,0.4935334
0.4546871479005483,0.4764951,0.45077193,0.4310448,0.47057816,0.49401483
0.5298768121385112,0.47332907,0.4489257,0.43555102,0.46622998,0.4941099
0.5124877938856757,0.47485018,0.4655893,0.45424902,0.46782005,0.50817865
0.5031548110869075,0.47901493,0.4630523,0.46114188,0.47106397,0.5134316
0.47992563659580856,0.482427,0.46147546,0.45457754,0.4758986,0.5113331
0.510403365131826,0.48343146,0.45557806,0.44384503,0.47679627,0.5049063
0.5022158792158041,0.4844694,0.46311983,0.4449359,0.4751728,0.5083387
0.45436791106437313,0.48530728,0.46256793,0.4461047,0.4760201,0.5086026
0.48090212574175617,0.4838271,0.45199642,0.43312085,0.4743712,0.49890545
0.3939570344775783,0.48123258,0.4520753,0.43082386,0.47342116,0.495181
0.42077292871629235,0.4734298,0.4270592,0.40029216,0.46844298,0.4739044
0.36188312176068504,0.46526945,0.42783645,0.3926815,0.45638722,0.46637568
0.3504469315706452,0.45400506,0.4024258,0.37020487,0.4486184,0.4447602
0.33302035604296554,0.44132948,0.39329064,0.3599674,0.42611802,0.4294286
0.3012656801622474,0.42810202,0.38250735,0.35370427,0.41668096,0.4170653
0.34287914068955155,0.41414148,0.36364034,0.33999744,0.39380786,0.4002436
0.3795538195748516,0.40273428,0.3673956,0.34589103,0.38166866,0.39964393
0.4157965897994441,0.3957523,0.3759387,0.36254612,0.3685737,0.40986845
0.3919289416359949,0.39518565,0.39122742,0.3948344,0.37335074,0.42889205
0.40623826335161123,0.39822245,0.38906756,0.38998738,0.37430206,0.43573853
0.3995906257041989,0.404068,0.39483333,0.3959056,0.38220823,0.4427741
0.37566664162848346,0.40981537,0.39551592,0.3961243,0.38326496,0.44531897
0.3702020581386614,0.41245556,0.3875962,0.37369698,0.38601077,0.43854645
0.3550101404642079,0.41252345,0.3839601,0.37295935,0.3852868,0.431243
0.3971118455644858,0.4103194,0.37796083,0.36088037,0.3835563,0.42277855
0.3939758131150004,0.4087516,0.38897386,0.3749675,0.38052472,0.42789695
0.4371103432734921,0.4089793,0.3940415,0.38550866,0.38329265,0.43463382
0.4285472846090288,0.41375184,0.40592057,0.3975157,0.39054802,0.4467593
0.42492300758656953,0.4204802,0.41067702,0.41000077,0.3975986,0.45579937
0.4464808833471043,0.4271754,0.41204768,0.40378776,0.40640584,0.4604984
0.44358897318410573,0.4335137,0.41959623,0.4065776,0.41228855,0.46746108
0.48371892135506644,0.4387713,0.42084485,0.41635364,0.4173595,0.47078732
0.4761699091113949,0.44502205,0.4328193,0.4246814,0.42581245,0.4798269
0.4674941786223991,0.45240515,0.43926027,0.43696862,0.43360427,0.48803404
0.4415233230676782,0.45905584,0.4406896,0.43670914,0.44301188,0.49044347
0.4670434913242695,0.46233237,0.43451864,0.41950536,0.44682539,0.4842579
0.4643957034477578,0.46431005,0.44018748,0.42416087,0.4495783,0.48426124
0.4692218132652295,0.46539402,0.44069627,0.4248037,0.45048535,0.4827794
0.48037632389393825,0.46658182,0.44326404,0.42809492,0.45340064,0.48241398
0.4769210546082777,0.46834314,0.44676623,0.4353319,0.4553073,0.48250732
0.5001877863742207,0.47042537,0.4483746,0.43581754,0.4577895,0.48285595
0.5004131300232856,0.47317684,0.45379886,0.44046688,0.46108815,0.48473504
0.4794561706602569,0.4767077,0.45828396,0.44059053,0.4653867,0.48892882
0.4821415158116127,0.4790842,0.45365253,0.43750763,0.46815324,0.48604283
0.48978442124239463,0.4801407,0.4540085,0.43161353,0.47044885,0.484462
0.4814279275895741,0.48096126,0.4566213,0.4328659,0.4708036,0.48830625
0.47224517389018256,0.48155636,0.45609885,0.43629345,0.47137332,0.49011564
0.48839480207316155,0.48136824,0.4537864,0.43132883,0.4714452,0.48839697
0.4847141891384361,0.48133934,0.4563347,0.4364106,0.4714661,0.4889829
0.4858221287463381,0.48146427,0.45657632,0.43832847,0.47138974,0.48969114
0.4761323518365508,0.4820009,0.45837072,0.4399765,0.47249484,0.4907169
0.48642304514384427,0.48142993,0.45342568,0.43348464,0.47240436,0.48632276
0.4954555697438593,0.48075104,0.4548623,0.43137127,0.47102684,0.48654807
0.4989671749417862,0.48093897,0.45798293,0.43615097,0.47098905,0.4908484
0.5011079396079021,0.48253572,0.4622646,0.4426105,0.4737077,0.49787197
0.49904228949147444,0.4848575,0.4632224,0.44863614,0.47601688,0.5019019
0.4965635093517614,0.4870361,0.46397522,0.44819558,0.4786588,0.5042222
0.49361526327649663,0.48853135,0.46370447,0.4467586,0.47976124,0.5046799
0.505464583489822,0.48912126,0.46269533,0.4413369,0.48057047,0.50422376
0.5126568016224743,0.4898064,0.46611106,0.4455784,0.4812924,0.507501
0.5203936002403665,0.4907152,0.466953,0.45024028,0.4822045,0.5098501
0.5255389468940134,0.49293464,0.4729242,0.45842993,0.4863518,0.516191
0.5178772628258093,0.49539095,0.4737452,0.46292827,0.48803607,0.518672
0.525707954630812,0.4975356,0.4741151,0.4585371,0.49185988,0.5189483
0.5164500863817321,0.49955016,0.47658268,0.4604948,0.4934416,0.5209002
0.5029670247126868,0.5010442,0.47671047,0.45878667,0.4955112,0.52204764
0.5138586344174866,0.5008373,0.47204158,0.4529799,0.49583855,0.51795655
0.5377075039435139,0.50012046,0.47377303,0.45195726,0.49518606,0.5177518
0.519717569293172,0.50059515,0.47881153,0.4629107,0.49487388,0.52268887
0.5150792458499212,0.501759,0.4785146,0.4652837,0.49726897,0.52462065
0.47001051603695637,0.50257826,0.47714508,0.4588724,0.49848825,0.523813
0.4722639525276046,0.49991083,0.46467867,0.44531375,0.49937615,0.51183426
0.46586043716667913,0.4951142,0.4605057,0.43249923,0.49253234,0.5034488
0.47543754225193424,0.48842305,0.4525226,0.42254758,0.48698622,0.49460664
0.4722263952527605,0.4833973,0.45585254,0.42967224,0.47773567,0.49540848
0.4718696011417411,0.4800331,0.45311478,0.43654573,0.47508335,0.49495813
0.47355967850972736,0.4777763,0.45140147,0.43366718,0.47072455,0.49379626
0.4712686847442349,0.47658116,0.45285186,0.43859085,0.46952096,0.49531385
0.47836700968977697,0.47572017,0.44976825,0.43242025,0.46651077,0.49441895
0.4564335611808007,0.4754815,0.4516448,0.43320557,0.46623856,0.49595287
0.46336287838954404,0.47406298,0.44497374,0.42793274,0.46476233,0.49110955
0.45331630736873735,0.47202307,0.44386387,0.424559,0.4613028,0.4887177
0.46011417411552613,0.4696806,0.44192877,0.42458162,0.45905164,0.48690316
0.4670810485991137,0.4680354,0.4424269,0.4233436,0.4552582,0.4873918
0.47778487192969277,0.46732712,0.4432238,0.42711243,0.45509976,0.48868096
0.47463006084278525,0.46816903,0.44744465,0.43225282,0.45583507,0.49313286
0.478385788327199,0.4700393,0.44905913,0.43846643,0.4580941,0.49658102
0.47066776834672874,0.47218525,0.45011917,0.4367749,0.46023706,0.49881902
0.46625478855254265,0.47360694,0.44863045,0.43480325,0.46152848,0.49850425
0.45209569593630283,0.47380757,0.4467512,0.4299707,0.4621895,0.4964751
0.45209569593630283,0.4724663,0.44272843,0.42476535,0.46133548,0.4922494
0.45694058439119656,0.4701758,0.4402832,0.42130208,0.45864853,0.48854885
0.46800120183279503,0.46809244,0.44122925,0.42307055,0.45604116,0.4881034
0.47515586269060306,0.4667948,0.44229743,0.42843655,0.4541562,0.48914543
0.4691654773529632,0.46694982,0.44520262,0.43081447,0.4548455,0.49215496
0.4734470066851949,0.46813112,0.44616264,0.43600476,0.45610487,0.4943438
0.4596071509051303,0.46972024,0.44740587,0.4337861,0.45787787,0.49632606
0.47220761661533833,0.47040415,0.4444715,0.43055415,0.45850712,0.4940646
0.47667693232179065,0.47072095,0.44624346,0.43216297,0.45830345,0.4935442
0.4801322016074514,0.47119135,0.44685987,0.43344384,0.45820272,0.49355558
0.48118380530308724,0.47223353,0.44955847,0.43552426,0.4602872,0.49492815
0.4689776909787426,0.47383267,0.4515731,0.4394491,0.46195552,0.4970932
0.4713062420190791,0.4745835,0.44877166,0.43416265,0.463043,0.49490753
0.5019717569293172,0.47478038,0.44884565,0.4317995,0.463158,0.49416706
0.4937654923758732,0.47605687,0.45606282,0.4392515,0.4643488,0.49948582
0.487399534289792,0.4781443,0.45653546,0.4464611,0.4670181,0.50234026
0.48167204987606094,0.48009306,0.45660242,0.44144762,0.47048256,0.5025974
0.48193495079996995,0.48139143,0.45619947,0.44129077,0.47186077,0.50160295
0.4908735822128746,0.48174214,0.4551067,0.43960673,0.47216532,0.49989578
0.48304289040787207,0.4818679,0.45702246,0.43581295,0.47182482,0.5002118
0.49277022459250364,0.48197246,0.45636362,0.44078147,0.47219557,0.500184
0.4968827461879366,0.48247546,0.4584082,0.4417184,0.47301173,0.50190765
0.49966198452640276,0.4836672,0.46074238,0.44503918,0.47448426,0.5049432
0.5050138961916923,0.4854344,0.4637995,0.4501987,0.47684643,0.50838786
0.5034177120108164,0.48765743,0.46534884,0.45158377,0.4790445,0.51124734
0.5051077893788027,0.48944694,0.46499807,0.4509186,0.48133343,0.5113813
0.5048824457297378,0.49091566,0.46645042,0.45109898,0.48296326,0.5120049
0.5036430556598813,0.49205786,0.46743903,0.45137173,0.48424876,0.5124785
0.5054270262149778,0.49286735,0.46770012,0.45200157,0.48512352,0.5123305
0.5023285510403365,0.49368876,0.46868387,0.45088324,0.4864611,0.5129562
0.5077367986178922,0.49403352,0.46772897,0.45091245,0.48681727,0.51228106
0.4974648839480208,0.49433082,0.4692272,0.4518121,0.48737714,0.5133212
0.49241343048148434,0.4943207,0.4676561,0.44967428,0.48754057,0.5125927
0.4806580034552692,0.49348724,0.4653245,0.44698015,0.4870243,0.51003927
0.48888304664613536,0.49123222,0.46055096,0.43820876,0.4858824,0.5046835
0.4939345001126718,0.4889025,0.46116737,0.43973744,0.48217857,0.50335646
0.5018966423796289,0.4874701,0.46159473,0.44244546,0.4802916,0.5042574
0.4860474723954029,0.48711312,0.46415526,0.44647926,0.47999364,0.50694865
0.4989859535792084,0.48677814,0.46107394,0.4474955,0.47927475,0.5056571
0.4934086982648539,0.48689204,0.46290258,0.44453728,0.47932476,0.5069147
0.4919439645459326,0.48721027,0.46271962,0.44652086,0.47886494,0.50766855
0.47502441222864866,0.48721904,0.4611297,0.44387636,0.47878864,0.5066206
0.4754187636145122,0.48605835,0.45714486,0.43656728,0.47826388,0.5029531
0.4630624201907909,0.48406118,0.45474094,0.43579158,0.47634786,0.5000202
0.4577856230751896,0.4813859,0.45138118,0.43039227,0.47356918,0.496021
0.47200105160369565,0.4779901,0.44729108,0.42623347,0.4698633,0.49120495
0.46176669420866817,0.4753726,0.44913635,0.42811495,0.4656864,0.49155203
0.46828288139412605,0.4733715,0.4466918,0.42951366,0.46320575,0.49067226
0.46711860587395776,0.47212636,0.44688442,0.42895675,0.46151233,0.49110028
0.46935326372718394,0.47137165,0.44609216,0.42961815,0.46038213,0.49133822
0.4571847066776834,0.47058564,0.4460577,0.43048745,0.45942366,0.49135903
0.43789904604521895,0.46903187,0.44043747,0.4235632,0.45777172,0.4873948
0.4346878990460452,0.466322,0.43632492,0.41593665,0.45505524,0.4822527
0.44041538345977616,0.46283132,0.4322953,0.41374248,0.45174527,0.47755888
0.4525651618718546,0.45948535,0.43095675,0.40854174,0.44626203,0.47534344
0.455964095245249,0.45747232,0.43322182,0.4165125,0.44371215,0.47719976
0.4610906632614738,0.45757717,0.43685946,0.42579406,0.44409567,0.48183814
0.47761586419289415,0.45904678,0.43838766,0.42754653,0.4455034,0.48518556
0.480582888905581,0.4617538,0.44335768,0.43167084,0.4484391,0.4903421
0.4896717494178622,0.46527767,0.4463993,0.4382732,0.45167696,0.49495625
0.5080372568166455,0.46905553,0.45018178,0.438712,0.45620275,0.4989517
0.5058777135131075,0.47397876,0.45743573,0.44821665,0.46178478,0.5062527
0.5236798617892285,0.4793831,0.46166226,0.45523915,0.4684812,0.51173985
0.5239990986254037,0.48514217,0.4675345,0.45843208,0.47564608,0.5177397
0.5261023060166755,0.49051338,0.47077027,0.46202567,0.48169786,0.5219661
0.533914219184256,0.49549186,0.47509813,0.46403483,0.48857743,0.52609104
0.5317922331555622,0.49983042,0.47834948,0.46691284,0.49305978,0.52922356
0.5222151280703071,0.50330067,0.47994184,0.46744883,0.4979064,0.53041154
0.5270224592503567,0.5052831,0.47895417,0.46472284,0.50015384,0.52877325
0.5307218508225043,0.5062362,0.479606,0.46361178,0.502112,0.52759725
0.5219710057838203,0.50706077,0.48213667,0.464657,0.50281847,0.5285399
0.5200555847667693,0.50735426,0.48077404,0.46376964,0.50397825,0.5269743
0.5293885675655374,0.50735456,0.48093146,0.46361828,0.5042376,0.5259149
0.5463081198828214,0.5073635,0.481765,0.46377704,0.50439006,0.52605355
0.5568053782017577,0.5084168,0.48664296,0.470726,0.5057563,0.53012973
0.5361300984000601,0.51083565,0.49127063,0.48068306,0.50907177,0.53573245
0.5344963569443401,0.51290023,0.48853263,0.47474712,0.5112603,0.5347581
0.5099338991962743,0.5135465,0.48682463,0.4710034,0.51301605,0.53166026
0.48638548786900015,0.5121291,0.48141587,0.45956427,0.51230216,0.5253355
0.4855216705475851,0.5078968,0.47258756,0.44696236,0.5087368,0.51471263
0.4957560279426124,0.5020979,0.46737236,0.43714687,0.50234723,0.5062379
0.5243183354615789,0.49665767,0.4667264,0.43938133,0.49519175,0.5033172
0.5889168481934951,0.49464428,0.47399834,0.45494145,0.4919047,0.5101635
0.5734056936828664,0.4988817,0.49354586,0.48446158,0.49845886,0.53052366
0.5616127093818072,0.5070581,0.49722,0.5025554,0.5067356,0.543289
0.5786824907984677,0.51474386,0.49722663,0.49075174,0.51689076,0.5463425
0.5902313528130398,0.5220529,0.5059817,0.49243388,0.5229475,0.5542009
0.5804852399909862,0.527298,0.50571597,0.4969016,0.52817744,0.55658114
0.5927852475024412,0.5313914,0.5096347,0.4912411,0.53324413,0.5595468
0.59849395327875,0.53460103,0.5115445,0.4998622,0.5369454,0.5621094
0.5988507473897693,0.53780675,0.51615846,0.5047601,0.54156226,0.56652635
0.5926350184030647,0.5408847,0.5189632,0.50549287,0.54572237,0.56998485
0.5786261548862014,0.54309,0.51871186,0.5043253,0.54887176,0.57033074
0.5588522496807632,0.54381216,0.51735866,0.49925002,0.55054575,0.56823283
0.5471531585668143,0.5420079,0.5108532,0.49001545,0.55080545,0.5613117
0.556617591827537,0.53790003,0.50556046,0.4795972,0.54669577,0.55343366
0.5627769849019755,0.53416246,0.50557214,0.48145074,0.54163826,0.55175626
0.553594231202584,0.5315784,0.505856,0.48691282,0.5374972,0.55224544
0.5606362202358597,0.5297156,0.5034751,0.48665455,0.5353015,0.5510438
0.5582325546458349,0.52882165,0.5039914,0.48616168,0.53396475,0.55183667
0.5627018703522871,0.52797854,0.50310487,0.48793852,0.5327196,0.5513998
0.5712461503793285,0.5282355,0.5060468,0.48824272,0.53188825,0.55449355
0.5798467663186359,0.52899945,0.50586903,0.4911642,0.5320238,0.55630165
0.5802974536167655,0.5304583,0.5090028,0.49584872,0.5339064,0.5594988
0.5727296627356719,0.53241956,0.5103897,0.50076294,0.5356204,0.56184584
0.5792082926462856,0.53393173,0.50951815,0.4973172,0.5372927,0.5608919
0.5712273717419064,0.5345624,0.5099994,0.49483114,0.538348,0.559608
0.5624201907909562,0.5348606,0.5095647,0.49292463,0.53857875,0.5587405
0.55800721099677,0.5342768,0.507343,0.48792678,0.5382886,0.5561714
0.5555659881319012,0.5329071,0.50533044,0.4829364,0.5373675,0.554032
0.5614249230075866,0.53145534,0.5044424,0.4839581,0.5355038,0.55399555
0.5558288890558101,0.53001356,0.5041443,0.48479784,0.53399026,0.5547929
0.5630398858258844,0.5287573,0.50221264,0.48376825,0.53235257,0.55462253
0.5528243070682791,0.52807164,0.5035614,0.48845625,0.5316538,0.5554739
0.5485803350108915,0.5267345,0.5007347,0.48388594,0.53072983,0.55299073
0.5427965146848944,0.5252156,0.49741137,0.48081797,0.5282398,0.55056167
0.5522797265830391,0.5236163,0.49666843,0.47697303,0.5266674,0.5492877
0.5528806429805454,0.52283704,0.49824443,0.48128965,0.5254151,0.5511671
0.5608052279726583,0.5228371,0.49819496,0.48389295,0.52488846,0.5526512
0.5635093517614361,0.52355635,0.5005133,0.4871983,0.5259828,0.55497754
0.5629835499136183,0.52499133,0.5024838,0.49501333,0.5268129,0.5575456
0.5762037106587545,0.5265083,0.5027309,0.49147692,0.5285467,0.5582681
0.5714902726658153,0.52828705,0.50582975,0.49274975,0.5304957,0.56045264
0.5649553068429355,0.52962255,0.5055017,0.49524403,0.53152937,0.5602521
0.5897806655149103,0.5304369,0.5054226,0.4915953,0.5326732,0.55968887
0.6067941110193045,0.531299,0.5086784,0.49269152,0.53372335,0.5617525
0.6062307518966423,0.5341478,0.5166831,0.5089693,0.53780913,0.56983346
0.6094043416209719,0.5380951,0.51955426,0.5123423,0.54337734,0.57503104
0.6019116652895665,0.54248023,0.5231938,0.514187,0.5495768,0.57924247
0.5937429580109668,0.5460334,0.5236092,0.5161394,0.55280805,0.5804418
0.5788890558101104,0.5478908,0.5223826,0.50885975,0.5554784,0.5788348
0.5862127244047172,0.54760224,0.5191949,0.50178534,0.5560365,0.5744329
0.5810861563884925,0.54615605,0.51812255,0.49842322,0.5544237,0.5716771
0.5770111920679035,0.54474086,0.51828206,0.50043285,0.55241865,0.5709738
0.5773492075415008,0.5429298,0.51525074,0.50027776,0.55100423,0.567913
0.5630586644633064,0.5414644,0.5156464,0.49658585,0.54905957,0.56714183
0.5654623300533314,0.5395765,0.5114768,0.49705723,0.5478401,0.5636214
0.5601104183880418,0.53737867,0.50971013,0.48906147,0.54452664,0.56072646
0.5181401637497184,0.5350103,0.5075954,0.48625016,0.542356,0.5582854
0.5375572748441373,0.5298341,0.49519148,0.47560838,0.5385949,0.54608744
0.5309284158341471,0.5249646,0.4956946,0.4696935,0.53035057,0.5429743
0.5226282580935927,0.5204724,0.49112865,0.46995693,0.52548593,0.5396765
0.5347029219559829,0.5167406,0.48920783,0.4682411,0.5189722,0.5372376
0.5335198677983926,0.5145052,0.49034658,0.47234735,0.5165176,0.5382546
0.5260084128295651,0.51322764,0.4879788,0.47373003,0.5131998,0.5379165
0.519417111094419,0.51223975,0.48674074,0.4698633,0.5122316,0.53718543
0.5135018403064673,0.5107937,0.48336777,0.46546507,0.51048076,0.53470623
0.5341583414707428,0.5086981,0.48020926,0.46144274,0.5075061,0.5315418
0.5331630736873733,0.50707114,0.48224625,0.46204636,0.5047484,0.53263605
0.5231540599414106,0.5071529,0.48483142,0.47351274,0.5045889,0.5366991
0.5190978742582438,0.5075987,0.48287287,0.46997002,0.5049695,0.53669506
0.5171073386915045,0.5073476,0.4802464,0.46407157,0.50505006,0.5344052
0.5182903928490948,0.5065693,0.47969106,0.4632118,0.50395167,0.5332818
0.5297078044017126,0.50572556,0.47934386,0.45938066,0.50254655,0.5333072
0.5271539097123114,0.50531685,0.48085728,0.4648332,0.5016257,0.5351106
0.5285059716067002,0.50548524,0.4810535,0.4693365,0.50189984,0.5365477
0.5452001802749192,0.5059493,0.4814308,0.46945977,0.50255966,0.5372099
0.5474723954029896,0.5072152,0.48627684,0.47535548,0.50407106,0.540986
0.5370502516337414,0.5095262,0.48830324,0.4792445,0.50671256,0.54464966
0.5425899496732517,0.5115874,0.488198,0.47671902,0.50959927,0.54487175
0.5581574400961467,0.51339996,0.4908084,0.47993764,0.51113397,0.54622763
0.5584954555697439,0.5157749,0.49451113,0.48413384,0.5134885,0.5500503
0.5642229399834747,0.5183679,0.49645755,0.48738626,0.5171026,0.5525842
0.5769548561556374,0.52110493,0.4990802,0.48986363,0.52083015,0.55487627
0.5996957860737625,0.52405083,0.5036957,0.49438006,0.5242976,0.5584998
0.6109441898895815,0.5282693,0.5108663,0.50441885,0.5299274,0.56532717
0.6000338015473596,0.5337569,0.5173844,0.5130571,0.5373831,0.5726316
0.599564335611808,0.53912264,0.51964325,0.51534677,0.5442479,0.57566327
0.6023623525876962,0.54317886,0.52031887,0.5110558,0.5489721,0.57552356
0.6149440396604823,0.545919,0.5222015,0.50814354,0.55197114,0.5761089
0.6169909111394877,0.5482225,0.5260358,0.51343834,0.55495465,0.5786043
0.6184180875835649,0.550322,0.52789086,0.5169773,0.55788124,0.58040816
0.6153196124089236,0.5523381,0.5300058,0.5191686,0.56132704,0.58196944
0.6367272590700819,0.5541002,0.53136003,0.51978934,0.56349504,0.5827291
0.6382483287012695,0.55628437,0.5359775,0.5238652,0.5665238,0.586199
0.6326335161120709,0.5585335,0.539228,0.5291542,0.56921,0.5890806
0.6339292420941937,0.56078225,0.5389151,0.5277579,0.5725011,0.5900406
0.6509051303237438,0.5628182,0.54126024,0.5279653,0.5755108,0.59176654
0.6621723127769849,0.56487924,0.54502624,0.53402287,0.577425,0.59478164
0.6705100277923833,0.5677204,0.549382,0.54050386,0.58128864,0.59920985
0.666866972132502,0.571474,0.5542324,0.54667014,0.5867761,0.6045721
0.6569518515736498,0.57552236,0.55748194,0.5504371,0.59182453,0.608712
0.6472996319387065,0.57818866,0.55595237,0.54686147,0.59467727,0.607834
0.6375535191166528,0.579074,0.5548526,0.53817743,0.5961628,0.60545284
0.6396755051453467,0.5781591,0.5516038,0.5332763,0.59635586,0.60155123
0.6347555021407646,0.5767396,0.55179083,0.5306982,0.5938378,0.6005098
0.6346052730413881,0.57478493,0.5487399,0.52972585,0.5926156,0.5981097
0.6359197776609329,0.5730462,0.54869264,0.53065836,0.5898153,0.5972338
0.6511680312476527,0.57187057,0.5482781,0.53240407,0.5888708,0.5975022
0.6481822278975438,0.5717599,0.5509285,0.5350707,0.5880554,0.6005425
0.6474310824006609,0.572456,0.5516579,0.539279,0.58895814,0.60317
0.6541913918726057,0.57335186,0.5517821,0.53865135,0.5897671,0.60443336
0.6729324720198303,0.574428,0.5532541,0.5402107,0.59071016,0.60658765
0.678603620521295,0.576225,0.557789,0.547431,0.5925104,0.6115052
0.6861901900398107,0.5789453,0.5607791,0.55449706,0.59590983,0.61656255
0.69035904754751,0.5821205,0.56424767,0.5579561,0.6004433,0.6206773
0.6959175242244422,0.5852624,0.5676286,0.5618528,0.60386443,0.62392765
0.6864155336888754,0.588109,0.56968844,0.5642731,0.60707796,0.62620026
0.6904904980094644,0.5905351,0.5705268,0.56146693,0.6104545,0.62757164
0.6821527829940659,0.59227073,0.5714248,0.56046903,0.612793,0.62830585
0.6809321715616315,0.5932213,0.5714267,0.56006014,0.6141793,0.62805814
0.6779651468489446,0.593315,0.570395,0.5574255,0.614783,0.6267271
0.6925185908510478,0.59299827,0.5704815,0.5566002,0.614596,0.62615365
0.6856831668294148,0.59322995,0.5730738,0.5625762,0.61492974,0.62859386
0.6991850071358822,0.5935002,0.5724074,0.56257474,0.6153479,0.62892145
0.7087433335837152,0.59460896,0.57627225,0.566321,0.6175102,0.6322093
0.7039547810410877,0.59624505,0.5782088,0.57232755,0.61872077,0.6354241
0.703203635544205,0.5980448,0.5792379,0.5731462,0.62173134,0.6374319
0.7179448659205288,0.59949774,0.5801505,0.5722792,0.62311095,0.6383308
0.7279538796664914,0.60128224,0.58312964,0.57615614,0.6251471,0.64120585
0.7140389093367385,0.60380495,0.5876039,0.58464444,0.6284881,0.6456958
0.7059265379704048,0.6058361,0.5862287,0.582039,0.6308612,0.6453461
0.7158416585292571,0.60643506,0.5853967,0.57662934,0.6324755,0.6426069
0.7129873056411027,0.60676944,0.58684796,0.5761136,0.6325229,0.6429618
0.7124802824307068,0.6070871,0.5872452,0.57750094,0.632604,0.6436171
0.7120671524074212,0.6072876,0.5872266,0.5764401,0.63351727,0.64351434
0.7120483737699993,0.60724145,0.5870501,0.5761639,0.63353854,0.64305836
0.7077292871629234,0.60702956,0.58665705,0.5784353,0.6334946,0.6426728
0.7170247126868474,0.6066272,0.58643395,0.5743736,0.63290584,0.6422939
0.7137572297754075,0.6068599,0.58835167,0.5778125,0.63314193,0.64428467
0.715278299406595,0.60717756,0.5878168,0.57992923,0.63329643,0.64479494
0.7147900548336212,0.6073461,0.5877921,0.5775551,0.63369054,0.6448465
0.7203297528731315,0.60728836,0.5874854,0.5784896,0.633685,0.6447727
0.7210433410951702,0.60708356,0.5883706,0.579664,0.6334409,0.64510995
0.7135318861263427,0.6076139,0.58950937,0.58085823,0.63415015,0.6471678
0.7121234883196875,0.60794836,0.5884344,0.58018816,0.6345033,0.6466976
0.7161984526402764,0.608035,0.58797956,0.5787012,0.6348274,0.6460014
0.7116164651092917,0.60810107,0.5885314,0.57915604,0.6344748,0.64632326
0.7039172237662435,0.60802615,0.5880005,0.5790267,0.63445437,0.64603597
0.7091752422444227,0.6074867,0.5865672,0.5757563,0.63400024,0.6443668
0.6980207316157139,0.6067408,0.5859143,0.5749941,0.6333268,0.6433634
0.6951476000901374,0.6057394,0.58426315,0.5725798,0.6320378,0.64195234
0.6940959963945016,0.60396713,0.58138645,0.56854135,0.6307834,0.6388482
0.6934199654473071,0.6024493,0.5810545,0.5669101,0.62840074,0.63821536
0.6961616465109292,0.6009564,0.57904303,0.5673194,0.6269194,0.63700265
0.6839179749117403,0.59982526,0.57933635,0.56722707,0.62479776,0.63696367
0.682716142116728,0.59879917,0.5771713,0.56685853,0.62387836,0.6357039
0.6665665139337489,0.5974912,0.57503206,0.5632362,0.6220151,0.6336481
0.6800871328776384,0.5947689,0.57002974,0.55451286,0.62030196,0.6281798
0.6849507999699541,0.59275293,0.5711274,0.5566974,0.61605823,0.62826574
0.6830353789529032,0.5918222,0.5713451,0.5609141,0.614385,0.62975705
0.6836926312626755,0.59163,0.57150227,0.56272626,0.6142726,0.6306238
0.6883685119807706,0.59210646,0.57217395,0.5641052,0.6146772,0.6320159
0.6885187410801472,0.59236586,0.5724942,0.56546557,0.6147941,0.63210064
0.6897581311500037,0.59294486,0.5723008,0.5644255,0.61495966,0.6327762
0.6902088184481334,0.5936343,0.5734316,0.5637794,0.61563474,0.63389456
0.6940021032073912,0.59431154,0.57351154,0.56617725,0.6163854,0.6345518
0.7003492826560505,0.594638,0.5745921,0.5664784,0.6169232,0.6347913
0.696668669721325,0.5954014,0.5759738,0.56941134,0.6174556,0.6364799
0.7009314204161345,0.59637475,0.5763369,0.5709071,0.6188552,0.63739496
0.6946593555171637,0.5973262,0.5773525,0.5694802,0.62007743,0.6382217
0.7029970705325622,0.59788233,0.5764113,0.56788826,0.6209013,0.6376886
0.7169495981371592,0.59849405,0.5793371,0.57057047,0.6218809,0.63934463
0.7208743333583715,0.5994466,0.5810609,0.57568914,0.62266093,0.6413487
0.7151280703072185,0.60157394,0.58554274,0.5836811,0.6262972,0.64585453
0.7170998272365358,0.60387874,0.58539605,0.5832997,0.6287404,0.64738244
0.7123488319687523,0.60550076,0.5862154,0.5805108,0.6312221,0.64726305
0.6951663787275595,0.6066022,0.5864839,0.5805284,0.6321598,0.64732367
0.7054946293096973,0.60606635,0.5826229,0.5720106,0.63276887,0.6430389
0.6935701945466837,0.6049711,0.5840891,0.5716537,0.63102394,0.6418486
0.6949034778036506,0.6037047,0.58196217,0.571954,0.62991744,0.640031
0.6911289716818148,0.60248446,0.5807672,0.5701382,0.62769693,0.63840216
0.6840118680988507,0.60137564,0.57996804,0.56734645,0.62714344,0.6374065
0.6917674453541651,0.5997139,0.57653034,0.5640421,0.6256003,0.6341056
0.6866972132502066,0.5982907,0.5771854,0.5643039,0.62313133,0.63361007
0.6949598137159168,0.59710294,0.5754145,0.5639008,0.62172693,0.6326944
0.6943588973184105,0.59668094,0.57702285,0.5660346,0.6207368,0.63385093
0.7061518816194697,0.5967496,0.57705414,0.5688143,0.6204563,0.63482744
0.7155412003305041,0.59769905,0.57958114,0.5718559,0.6215846,0.6376913
0.716104559453166,0.59950006,0.5820877,0.57749236,0.62344044,0.64130265
0.6805941560880342,0.6016634,0.5841349,0.58056855,0.6262481,0.644067
0.6857958386539472,0.6015663,0.5774048,0.56857526,0.6270349,0.63792
0.6799181251408397,0.60041434,0.5771048,0.5621705,0.625631,0.6351592
0.681889882070157,0.5986374,0.5748484,0.55874056,0.6237104,0.6330546
0.6636182678584841,0.5967378,0.5737444,0.558534,0.62071246,0.63139504
0.663599489221062,0.5940628,0.5694455,0.55486816,0.6189317,0.62682027
0.6633365882971531,0.5912698,0.5673058,0.55370903,0.6150025,0.6238263
0.6800495756027942,0.58882856,0.5654106,0.54997504,0.61194247,0.62224835
0.6872605723728686,0.587678,0.5673422,0.55265605,0.60923713,0.62427807
0.670679035529182,0.5880245,0.56971705,0.5619549,0.6100303,0.6280141
0.6791294223691129,0.5886097,0.5673855,0.559978,0.61009914,0.62775236
0.6830541575903253,0.5889933,0.5676908,0.55805045,0.6107526,0.6276715
0.6818335461578907,0.5897401,0.5694335,0.56157637,0.610408,0.62989527
0.6807256065499887,0.59046704,0.569441,0.5617237,0.61119705,0.63073486
0.6740216329903103,0.5909985,0.5692702,0.559412,0.6117515,0.6305238
0.6681814767520469,0.59102815,0.5683292,0.5599711,0.6120348,0.62930626
0.6730639224817847,0.5903894,0.5665484,0.5575081,0.61149037,0.62708193
0.6691204086231503,0.5895878,0.56675225,0.5532617,0.61032337,0.6263061
0.6776834672876136,0.58881456,0.56589663,0.55459213,0.609405,0.6256757
0.6668857507699241,0.58802783,0.56668144,0.55560017,0.60879123,0.62530303
0.6923495831142492,0.5871398,0.56438506,0.55498433,0.60756344,0.62346727
0.6844437767595584,0.5875723,0.56919795,0.5592247,0.6081881,0.62714
0.6825283557425073,0.5889189,0.5694356,0.56497216,0.6095087,0.6297541
0.6698339968451889,0.59012234,0.5696281,0.5607911,0.61158687,0.63005704
0.6707353714414482,0.5904788,0.5676751,0.55616724,0.6120642,0.6282241
0.6445955081499286,0.5901782,0.5671723,0.55781555,0.61152935,0.6270304
0.665496131600691,0.587888,0.5608879,0.5450438,0.6103347,0.62047666
0.6614211672801021,0.5858384,0.5627722,0.5459413,0.6061708,0.6200617
0.6765379704048674,0.5844343,0.561718,0.55112195,0.6044634,0.6202517
0.6773266731765943,0.5841064,0.56452507,0.5535539,0.6040304,0.62213045
0.6859272891159017,0.5851036,0.5662364,0.5613732,0.60525626,0.6250144
0.6810072861113197,0.58650243,0.56793547,0.56281257,0.60682005,0.62682885
0.6850822504319086,0.5879423,0.5676125,0.5612116,0.60831165,0.62745124
0.6783594982348081,0.58948624,0.5699544,0.5609192,0.6101583,0.62929004
0.6873920228348231,0.59054404,0.56916004,0.5603776,0.6110557,0.62909204
0.6893262224892961,0.5915111,0.57086813,0.56236726,0.6120271,0.6301221
0.7027529482460753,0.5925229,0.57182,0.5637486,0.6131676,0.6315394
0.6975324870427402,0.5938874,0.57507133,0.5682025,0.615233,0.6342874
0.7033538646435815,0.5952135,0.57553,0.5710901,0.6167744,0.63536173
0.6733080447682717,0.5967066,0.5773791,0.5685452,0.6193312,0.6369031
0.6791857582813791,0.59685177,0.57349426,0.56333935,0.62012416,0.6333887
0.6684255990385337,0.59541166,0.570634,0.5572476,0.61931735,0.6288464
0.6747164425749268,0.59359443,0.5700189,0.5514381,0.6167315,0.62702554
0.6682002553894689,0.5919965,0.5695916,0.557428,0.6149048,0.62643224
0.6880680537820176,0.5900022,0.56607914,0.55192924,0.6126099,0.6230605
0.6984150830015774,0.58972883,0.5711872,0.56004566,0.6122743,0.62688833
0.6885375197175694,0.590994,0.57321507,0.5702579,0.61295825,0.63132876
0.6821152257192218,0.59272444,0.57398117,0.56569946,0.6158103,0.6330332
0.6782843836851198,0.59371394,0.5723314,0.56482035,0.61625713,0.6318606
0.7069405843911966,0.59341985,0.5701049,0.5579157,0.6166102,0.6290358
0.7113347855479607,0.59448105,0.5784329,0.56908,0.61677366,0.63534844
0.7022459250356794,0.59650993,0.5784393,0.5778008,0.61903155,0.63876903
0.7126492901675054,0.5985751,0.5797274,0.574057,0.62280095,0.6394769
0.7695485615563735,0.6006293,0.5824724,0.5792211,0.62448853,0.64154446
0.7814917749568092,0.6046916,0.5941313,0.59190595,0.6295865,0.651684
0.7869939157214751,0.61090976,0.6010839,0.61042625,0.6376962,0.66209096
0.7892849094869676,0.6181962,0.60806733,0.6142118,0.64928013,0.6704493
0.7924397205738751,0.624894,0.61216456,0.6203115,0.65658826,0.675376
0.7876323893938256,0.6301208,0.6156702,0.6200953,0.6628355,0.6780017
0.7870314729963194,0.6339889,0.61852956,0.6184586,0.667255,0.6798996
0.7903552918200255,0.6364133,0.6196154,0.6177591,0.67060643,0.6799969
0.7783932997821678,0.63794994,0.62136227,0.6175289,0.6729869,0.68028855
0.762318786148877,0.6384794,0.62070924,0.6174197,0.6743887,0.6787698
0.7706377225268535,0.6376215,0.61848956,0.61186725,0.674527,0.67498845
0.7668444377675956,0.63605314,0.6175466,0.6051111,0.67295045,0.67253447
0.7658116127093818,0.63456154,0.6172184,0.6063598,0.6710902,0.6717805
0.7743183354615788,0.6336904,0.617901,0.60941,0.6701252,0.6723675
0.7809471944715691,0.63349843,0.61811036,0.6114605,0.66976696,0.67315763
0.7712198602869376,0.6338657,0.6195044,0.61685526,0.6702383,0.6744085
0.7819800195297829,0.634454,0.61946416,0.6162709,0.6706105,0.6747647
0.7938856756553744,0.6349904,0.6200237,0.6143781,0.67093235,0.6751569
0.7889656726507924,0.63616216,0.623408,0.61812776,0.67229015,0.67843837
0.7815856681439194,0.6374074,0.62340444,0.62220335,0.67357916,0.6796995
0.7801209344249981,0.6383124,0.62346613,0.6197246,0.6749481,0.6795694
0.772985052204612,0.63829124,0.6223226,0.6162837,0.67535585,0.67807883
0.7529482460752647,0.6377201,0.6215361,0.61372507,0.6743819,0.6766599
0.7608164951551115,0.63601804,0.6165301,0.604923,0.6733168,0.67198735
0.7688161946969129,0.6342637,0.6174223,0.60258496,0.6706868,0.67100304
0.7709381807256066,0.6328522,0.6161701,0.6070162,0.6690869,0.67101544
0.7535303838353489,0.63230425,0.6172307,0.6090973,0.6680631,0.67266434
0.7548448884548937,0.6314907,0.6133076,0.6056624,0.6673995,0.6704145
0.7360850296702471,0.6304289,0.61310655,0.6026459,0.6661188,0.6694066
0.7331180049575602,0.62788236,0.607586,0.5932621,0.66459286,0.6645956
0.7238976939833246,0.625437,0.606613,0.59112406,0.65984756,0.6631569
0.714996619845264,0.6221273,0.60063386,0.58867204,0.65742034,0.6582779
0.7311838053030872,0.61882675,0.5980629,0.5834852,0.65164375,0.65490407
0.7454931270187035,0.616755,0.5991009,0.5887486,0.6488963,0.6561664
0.7543754225193421,0.6164462,0.6013777,0.59543324,0.6473339,0.6597585
0.7613047397280853,0.6177971,0.60341054,0.60246086,0.6495536,0.6637603
0.7825997145647112,0.6201546,0.6058428,0.60578,0.6520254,0.66748464
0.7807969653721926,0.62338054,0.61101854,0.61351156,0.655586,0.6728646
0.7881206339667993,0.626879,0.6129712,0.6180074,0.6592702,0.6765415
0.8061856831668294,0.6303948,0.61706406,0.617711,0.66410345,0.6801584
0.8142980545331631,0.6340772,0.6214504,0.626485,0.6679401,0.6847749
0.809077593329828,0.63808036,0.62641776,0.63238764,0.6736515,0.6898363
0.7984864418237813,0.64128935,0.627814,0.63396406,0.6773875,0.69127196
0.8116878239314955,0.643399,0.6276191,0.62829703,0.6805328,0.69040996
0.8256215728986706,0.6451509,0.6312542,0.6309161,0.68282974,0.6925142
0.8290017276346427,0.6472851,0.6347538,0.635119,0.68588495,0.6962335
0.8361563884924509,0.6499307,0.63860136,0.6429745,0.6902718,0.7001259
0.8449635694434011,0.65281856,0.641025,0.64797086,0.69437003,0.7030506
0.8514609779914369,0.6556915,0.6449496,0.6529438,0.6982191,0.7060246
0.8504844888454893,0.65854156,0.6477188,0.65611213,0.7015433,0.7088365
0.8437054007361227,0.6610174,0.65010136,0.6542776,0.7050578,0.7106286
0.8461841808758357,0.66271627,0.65025824,0.6552856,0.7070104,0.7104642
0.8336212724404717,0.66320604,0.65014184,0.65009594,0.708382,0.70867616
0.8337151656275821,0.6630359,0.6500994,0.6501449,0.7081828,0.7074531
0.7984676631863592,0.6626294,0.6501046,0.6494153,0.7078492,0.7067377
0.7900923908961166,0.65977687,0.6413174,0.6326691,0.7071108,0.697474
0.795425523923984,0.6555223,0.6377346,0.6235491,0.70210034,0.6902506
0.8252835574250732,0.65157497,0.6360064,0.6214211,0.6973795,0.6878577
0.8217156163148801,0.64994156,0.64012533,0.6311166,0.6930172,0.69179356
0.8123262976038458,0.6502736,0.64047784,0.6426708,0.6944254,0.6950987
0.8222977540749643,0.6510896,0.63969046,0.63970476,0.6948986,0.6952134
0.8146924059190265,0.65199333,0.6409084,0.63994515,0.69554186,0.6964595
0.8150679786674679,0.652225,0.6390118,0.63484955,0.6948574,0.69572204
0.8233869150454444,0.6524853,0.6408008,0.6354228,0.6946706,0.69692355
0.8024299556824157,0.6529443,0.64111257,0.64054686,0.6943669,0.698348
0.8173401937955381,0.65272015,0.6381417,0.6350641,0.6940275,0.69609123
0.7979606399759633,0.651733,0.6376961,0.6327728,0.6934714,0.6941394
0.7777923833846616,0.6499441,0.6345802,0.6283433,0.6916208,0.69114596
0.7916697964395703,0.64693516,0.62932885,0.6157532,0.68900937,0.68535715
0.8034252234657853,0.64488876,0.63143736,0.61870456,0.68562293,0.68634796
0.8013595733493578,0.6440722,0.6306011,0.62703466,0.6841649,0.6881263
0.7974348381281454,0.6440317,0.6314909,0.62766355,0.68456686,0.6893497
0.8073124014121535,0.6442274,0.6303975,0.62978077,0.6841706,0.68941635
0.821640501765192,0.6446911,0.63255304,0.631649,0.6845668,0.69109917
0.8112559152707879,0.64616716,0.63562226,0.63585055,0.685571,0.69531566
0.8172087433335837,0.64765614,0.6343648,0.6377848,0.6872286,0.6960536
0.8478742582438218,0.6490972,0.63680726,0.63680995,0.6894844,0.6976344
0.8520994516637872,0.65138984,0.641599,0.6471492,0.6914306,0.7026647
0.8325508901074138,0.6548225,0.64638025,0.657772,0.69671905,0.70873374
0.8143543904454293,0.6574069,0.6445648,0.6505351,0.69983125,0.70812076
0.8069556073011342,0.65822303,0.6430988,0.6436256,0.70203334,0.704643
0.8180725606549988,0.65689516,0.63931894,0.6349212,0.70157105,0.69943255
0.8343911965747765,0.65550697,0.6414286,0.6325793,0.69839054,0.6993796
0.8207954630811988,0.65501463,0.64283085,0.643116,0.6976728,0.7012423
0.8112183579959438,0.65504956,0.6422042,0.6442808,0.6982596,0.7011929
0.8070307218508225,0.65496385,0.6416196,0.6411855,0.6983759,0.70013124
0.8042514835123563,0.6540759,0.63873774,0.6353327,0.6982036,0.6974091
0.8028994216179673,0.6529427,0.638652,0.6305419,0.69569546,0.69644827
0.825208442875385,0.6510645,0.63465,0.6293835,0.6945824,0.69303477
0.8217531735897243,0.65055025,0.6397864,0.63525605,0.69258255,0.69641465
0.8210959212799519,0.6505939,0.6376053,0.6424191,0.6926555,0.69702274
0.8436115075490123,0.6507856,0.6386744,0.63799846,0.6929899,0.6968301
0.8539960940434161,0.652597,0.6446727,0.6479478,0.6951871,0.70274323
0.8686809885074739,0.65553606,0.6472398,0.6556165,0.69808054,0.7076483
0.8267858484188386,0.65883744,0.6508227,0.6568719,0.70298356,0.7110424
0.8296777585818372,0.66054684,0.6475981,0.6540987,0.70451146,0.70829004
0.8471418913843611,0.6608366,0.64825386,0.6473479,0.70560557,0.70616615
0.8618455644858408,0.6612222,0.65013665,0.64609987,0.7047809,0.7079477
0.8469353263727184,0.6621312,0.65265876,0.6538577,0.70628697,0.7106033
0.8339217306392248,0.6634567,0.6536874,0.65936893,0.7088105,0.7122689
0.851498535266281,0.66384643,0.65144974,0.6538811,0.7094456,0.70986146
0.8573762487793886,0.66416097,0.6539996,0.65315706,0.7097631,0.7109075
0.8711034327349207,0.6647532,0.654962,0.6549331,0.7101075,0.7127756
0.8708968677232779,0.6659869,0.6579178,0.6624519,0.7123307,0.7157554
0.8671035829640201,0.6670738,0.65931386,0.6641202,0.71383923,0.7169296
0.8587283106737775,0.66871434,0.66087407,0.6689103,0.7162654,0.71907574
0.8411327274092992,0.66969836,0.65982676,0.66621137,0.7173845,0.7184008
0.8628408322692106,0.66939133,0.6566968,0.6545162,0.7179156,0.7148616
0.8760422143769248,0.6691391,0.6593524,0.6565049,0.7168933,0.71571386
0.8836100052580185,0.66977495,0.66173464,0.66530377,0.7173305,0.71896833
0.8953278750093893,0.6712811,0.664414,0.6717015,0.72015846,0.7220765
0.9168294148576579,0.6736512,0.6684013,0.6793488,0.72353566,0.7262095
0.8956846691204087,0.6770141,0.6735038,0.68740386,0.72766054,0.73175985
0.9109141440697063,0.679936,0.67368734,0.6856679,0.7309711,0.73289007
0.8921542852850597,0.6821976,0.6762699,0.68337953,0.7339514,0.7339955
0.902369864042665,0.68337,0.675134,0.6807776,0.7353812,0.7329759
0.9250732366859461,0.68404025,0.6772389,0.6822382,0.73615795,0.73332477
0.9397017952377374,0.6852067,0.6811491,0.6878076,0.73743635,0.7367726
0.9509877563284007,0.6875892,0.68563396,0.6991167,0.74153745,0.74194115
0.9321527829940659,0.69120973,0.69124085,0.70873046,0.7471401,0.7480971
0.9302185833395928,0.6942061,0.6901329,0.7054784,0.75031006,0.7485816
0.9351010290693308,0.69584864,0.691223,0.7000261,0.75300115,0.74769455
0.9435701945466837,0.6964551,0.6913354,0.69694805,0.75368387,0.7472079
0.9364906482385639,0.6971077,0.69485986,0.7030356,0.7542151,0.7491644
0.9441711109441898,0.6978043,0.69364756,0.70496404,0.7553683,0.7493938
0.9682077668444378,0.69851935,0.6965682,0.7056088,0.75698656,0.75039816
0.955119056561256,0.69995964,0.6998969,0.7147949,0.7583333,0.75389904
0.917111094418989,0.70176476,0.7008978,0.715249,0.76102304,0.7559324
0.9250732366859461,0.7015186,0.69493145,0.7011657,0.76151305,0.7500345
0.9165101780214827,0.6996511,0.6938711,0.6900984,0.76100326,0.7455612
0.9279088109366784,0.6976229,0.6927353,0.6925832,0.75765055,0.74446243
0.9436077518215278,0.6961213,0.6927171,0.6946804,0.7550002,0.7444094
0.9157965897994441,0.6959186,0.6949355,0.70155245,0.75474423,0.74693835
0.906745286562007,0.6956444,0.6911446,0.70211524,0.7545206,0.7450926
0.9093179598888305,0.69455075,0.6891614,0.69045055,0.7537719,0.7415622
0.9314955306842936,0.69332933,0.6884045,0.6885755,0.75188303,0.7408508
0.925054458048524,0.6925886,0.689521,0.68934035,0.74974954,0.74197394
0.9208856005408247,0.6926403,0.68981296,0.69768214,0.74961567,0.74366325
0.8950461954480583,0.6926624,0.68840575,0.6974411,0.74972486,0.7431548
0.8921167280102156,0.69153845,0.68406576,0.6852553,0.74944437,0.73889714
0.8884361150754901,0.6896267,0.682355,0.682141,0.74740213,0.73586154
0.8831029820476226,0.68794894,0.68131226,0.67830586,0.7443722,0.73520356
0.8867272590700819,0.68539995,0.6756654,0.6746534,0.74156207,0.7305022
0.9001352061894389,0.68340075,0.67662364,0.67390215,0.7386251,0.7300301
0.9068955156613836,0.6828595,0.6776125,0.68270236,0.7372653,0.7328919
0.8678359498234808,0.68336535,0.67885107,0.6878723,0.73760146,0.7353633
0.8744648088334711,0.68282986,0.6726559,0.6752831,0.7372276,0.7308855
0.8987455870202058,0.6810514,0.6708953,0.6684433,0.73590785,0.72684425
0.9025013145046196,0.68013966,0.6735938,0.6743602,0.73267287,0.72948927
0.9221062119732593,0.6806027,0.6753442,0.6828829,0.73323447,0.7331236
0.9211485014647337,0.6823094,0.6787574,0.69089985,0.73591924,0.73703825
0.9355141590926161,0.6849508,0.68128914,0.6985553,0.7391692,0.7409741
0.9507624126793359,0.6880644,0.6850167,0.7020251,0.74285656,0.74507767
0.9302185833395928,0.6913695,0.68882734,0.7033262,0.7465588,0.7491922
0.9106512431457974,0.69260675,0.687724,0.7020223,0.74866194,0.7465698
0.9064072710884098,0.69344056,0.6862428,0.6960311,0.74996585,0.7453396
0.8995155111545106,0.6924683,0.68317217,0.68685967,0.74994713,0.74095553
0.9073274243220912,0.6908178,0.68225634,0.6832835,0.7481819,0.73851335
0.9129422369112897,0.6897476,0.68349487,0.68615943,0.74591666,0.7393586
0.9089799444152332,0.6890478,0.6827386,0.689329,0.7451498,0.7392029
0.8862577931345301,0.6889165,0.6831788,0.69125766,0.74503666,0.73967654
0.8799293923232929,0.68804705,0.6792763,0.6850486,0.7446754,0.73633194
0.8424847893036881,0.6859677,0.67575043,0.67465186,0.7428548,0.7314518
0.837808908585593,0.6818747,0.667499,0.6590818,0.73921895,0.72284913
0.842466010666266,0.67678565,0.6631292,0.6514267,0.73296076,0.71642977
0.8272177570795463,0.6722727,0.6601538,0.649868,0.7266709,0.7136931
0.8076128596109066,0.66785634,0.6541636,0.6488942,0.7207636,0.7086671
0.8384849395327875,0.6634536,0.6503746,0.6435652,0.71536005,0.7035988
0.8478554796063997,0.6612588,0.6523478,0.647842,0.71029764,0.7062471
0.860230601667543,0.66063267,0.6518752,0.65161926,0.7082148,0.7084509
0.8555922782242921,0.6619962,0.65560806,0.6612836,0.7101964,0.713472
0.8794599263877413,0.66335016,0.6551384,0.6631962,0.7105171,0.7145007
0.8616389994741981,0.66576546,0.6593047,0.6666716,0.7129558,0.7188967
0.8850747389769398,0.66828305,0.65936106,0.670372,0.7148471,0.7211952
0.8794599263877413,0.67056143,0.66261756,0.6695609,0.7178855,0.72349554
0.8858446631112447,0.67242646,0.66374695,0.66929615,0.7195087,0.72499865
0.8688687748816946,0.67379814,0.664162,0.67120075,0.721583,0.725246
0.8826335161120709,0.67388,0.6618277,0.66576266,0.72218835,0.7225514
0.8724179373544655,0.6743163,0.66580194,0.6682639,0.7232214,0.72490686
0.8826710733869151,0.6747834,0.66477627,0.66900355,0.7238838,0.725552
0.8776571771952227,0.6758281,0.6681681,0.6722442,0.72588104,0.72785026
0.8708029745361677,0.6765836,0.66630226,0.6755033,0.72651225,0.7274304
0.8571696837677457,0.6767863,0.6667288,0.6731076,0.7270486,0.7262729
0.8490573124014121,0.6759212,0.66335315,0.6679545,0.7270546,0.72314876
0.8913655825133329,0.67367804,0.65968376,0.65568185,0.72500175,0.7179486
0.8761173289266131,0.67337716,0.6674802,0.66793746,0.7234784,0.7237096
0.9073462029595133,0.67416817,0.66541815,0.6782384,0.7244143,0.7258788
0.8361939457672951,0.6764176,0.6724913,0.681201,0.72842854,0.73091793
0.8407008187485916,0.67525285,0.65864486,0.6678492,0.7286597,0.7199417
0.8363066175918276,0.67248,0.6593171,0.65238035,0.7246276,0.7142512
0.8574513633290769,0.66930735,0.65503556,0.6432452,0.72121257,0.7115075
0.8538834222188837,0.66758674,0.6588802,0.6531054,0.71646553,0.71367985
0.8520806730263651,0.66721684,0.65796584,0.66389495,0.7167384,0.71524733
0.8665965597536243,0.6669896,0.6569278,0.6619102,0.7156309,0.7138582
0.8691692330804477,0.6676953,0.6597817,0.66586894,0.71644527,0.7164903
0.857526477878765,0.66884387,0.66059273,0.6630797,0.71650374,0.71873146
0.8598550289191016,0.66972923,0.6602089,0.6606519,0.7177939,0.71873856
0.8737324419740103,0.67001724,0.65981644,0.66108716,0.7178712,0.7181387
0.8650379328475926,0.67085236,0.6626915,0.6661367,0.718423,0.72096044
0.8654698415083001,0.67157996,0.6614187,0.6699746,0.7192129,0.72124726
0.8665777811162022,0.67197883,0.6619157,0.66253096,0.7202675,0.7209366
0.8820701569894088,0.67235947,0.6622472,0.66576505,0.72053546,0.7215077
0.8771125967099827,0.6733257,0.66563076,0.6698293,0.7216802,0.7243877
0.8691880117178697,0.6745952,0.66594297,0.6727702,0.72330457,0.72601277
0.8965860437166678,0.6751024,0.664846,0.6706062,0.72421706,0.7244444
0.8994403966048223,0.6762619,0.6694422,0.6749118,0.72572446,0.7278157
0.8976752046871478,0.6780429,0.67095155,0.68173665,0.72774774,0.7311058
0.8949898595357921,0.67995,0.6732579,0.681533,0.73126495,0.733078
0.8967174941786223,0.68132716,0.6727719,0.6816545,0.73254335,0.7329968
0.9188199504243972,0.6822989,0.67430276,0.6822674,0.73402977,0.73337847
0.925317358972433,0.68382657,0.67844766,0.68695,0.7356728,0.73691577
0.8994591752422444,0.68610615,0.682198,0.69609183,0.7390278,0.7411004
0.8997784120784196,0.6874602,0.67908305,0.69064283,0.7408668,0.73905486
0.8977878765116802,0.6876222,0.6795913,0.68202484,0.74246466,0.7369506
0.8811500037557275,0.6867369,0.67707485,0.6809657,0.741771,0.73440856
0.890595658379028,0.68538314,0.676472,0.67597145,0.7397455,0.73232543
0.8874784045669647,0.6839625,0.67505926,0.6758151,0.7382633,0.73072094
0.8842109216555247,0.68284655,0.67564815,0.67799664,0.7363756,0.73031896
0.8937129121910914,0.6820051,0.6749003,0.67895263,0.7355339,0.72978467
0.8783519867798393,0.68196446,0.675914,0.6792294,0.73504007,0.7311297
0.868981446706227,0.68169564,0.67347544,0.6776446,0.7345697,0.7297991
0.884041913918726,0.68061465,0.6713077,0.6715306,0.73371285,0.7268798
0.8921730639224819,0.6796117,0.6714533,0.6695212,0.7319377,0.7266776
0.900153984826861,0.6794132,0.672672,0.6758331,0.7309575,0.72871214
0.9002666566513934,0.68034834,0.6757155,0.6835263,0.73295665,0.7322489
0.8756666416284834,0.68167204,0.6756032,0.6865001,0.7339147,0.73360527
0.8560429655224217,0.6817435,0.67202604,0.6764403,0.73455614,0.7300032
0.8846240516788101,0.67997754,0.6678875,0.66494507,0.73393077,0.72436816
0.8750469465935552,0.67868745,0.6706433,0.6663291,0.73052067,0.7257144
0.8745962592954255,0.6773602,0.6676019,0.6675948,0.72873944,0.7245581
0.8661083151806506,0.6764543,0.6677698,0.6684784,0.72779757,0.72401637
0.8478367009689777,0.6754474,0.6652693,0.66863835,0.72722167,0.7223889
0.842466010666266,0.67430776,0.6638084,0.6626934,0.7254813,0.7204791
0.8255089010741381,0.6720258,0.65860105,0.6544147,0.7237752,0.7157581
0.8147862991061369,0.66853356,0.65341115,0.6414054,0.7194963,0.70968693
0.8107301134229701,0.6644225,0.6488165,0.63900805,0.7153392,0.7046364
0.824100503267483,0.6607588,0.646764,0.6387692,0.709602,0.70236844
0.8310298204762263,0.6580154,0.64521796,0.6398537,0.705214,0.70156735
0.8262412679335988,0.656793,0.6461795,0.6454254,0.7026301,0.7033685
0.8559490723353114,0.6570416,0.64720494,0.65033925,0.70274377,0.7060441
0.8731690828513483,0.6585034,0.64958745,0.6551651,0.7033789,0.7096748
0.8723616014421993,0.6614697,0.6551758,0.6637199,0.7072757,0.71613175
0.8707654172613235,0.6647004,0.6562349,0.6713099,0.71065104,0.7193359
0.8503154811086907,0.66763353,0.65893716,0.6673901,0.7146618,0.7215218
0.8504844888454893,0.66885096,0.6552903,0.6616087,0.71599656,0.71860224
0.8572072410425899,0.66872704,0.6557197,0.65511334,0.71605396,0.71641284
0.8468789904604522,0.66853994,0.6568102,0.65722376,0.71525633,0.7171336
0.8636107564035154,0.6682171,0.65595883,0.65833443,0.71479255,0.71646273
0.8572823555922782,0.6679529,0.65685225,0.65789145,0.7147352,0.7161829
0.8691316758056035,0.6684736,0.6590454,0.66582763,0.7154926,0.7184145
0.8713663336588297,0.6694642,0.6603634,0.6661915,0.7169665,0.72034425
0.8892811537594832,0.6706883,0.662312,0.6665429,0.71882886,0.72208256
0.9163411702846842,0.6725278,0.6656675,0.67579246,0.72085863,0.7254483
0.9329039284909487,0.6756555,0.6722651,0.6864993,0.7250583,0.7319148
0.9619357019454668,0.6803745,0.6786688,0.7004679,0.7314752,0.73971874
0.9571471494028394,0.68621665,0.6863332,0.7098823,0.7395769,0.7477933
0.9752121986028693,0.6916456,0.689556,0.7130963,0.7464954,0.75185424
0.971550364305566,0.69701236,0.6972155,0.7202047,0.7539225,0.75769395
0.9941410651243144,0.70135033,0.6985219,0.7197606,0.75830084,0.76002574
0.9999999999999999,0.7053089,0.7054285,0.72364056,0.7646105,0.76394033
0.9957935852174565,0.7088586,0.7088599,0.73242813,0.7686241,0.7673153
0.9837564786299106,0.7117295,0.71173376,0.73168033,0.77352196,0.76854706
0.9757567790881093,0.71358764,0.71301365,0.73005116,0.7761832,0.7681841
0.9622361601442199,0.71424794,0.71261173,0.72483206,0.7778363,0.7663112
0.9656163148801924,0.71333814,0.7105625,0.71699727,0.7777256,0.7622841
0.9690903628032749,0.71175784,0.71005064,0.71412146,0.77606684,0.7600133
0.9497295876211221,0.7106248,0.71130913,0.71663356,0.7742553,0.76061326
0.9532599714564711,0.7094568,0.7080448,0.71573776,0.7733412,0.758591
0.8959475700443176,0.70822626,0.7077201,0.71135056,0.77205575,0.7568756
0.8948959663486817,0.7040796,0.6955859,0.69502354,0.77050996,0.74523956
0.8727559528280627,0.69941884,0.6943406,0.68356353,0.7628814,0.7403278
0.867366483887929,0.69379085,0.68468684,0.67024463,0.75829506,0.73283213
0.8690002253436491,0.6883991,0.6818004,0.67081016,0.7491608,0.7278858
0.9033839104634568,0.6839358,0.6772449,0.6716065,0.7439937,0.72512496
0.9120033050401863,0.68208575,0.6806841,0.67933613,0.73858136,0.72894716
0.9216743033125516,0.6825219,0.6813609,0.69139314,0.7393674,0.73363775
0.9256178171711861,0.6848222,0.6849691,0.69373274,0.74185556,0.7390925
0.938199504243972,0.6877346,0.68586725,0.6988051,0.74439055,0.742775
0.9361714114023886,0.6907029,0.6886371,0.7002489,0.7469086,0.74619275
0.9410162998572824,0.6930879,0.6894526,0.7014451,0.7489292,0.74800473
0.9739915871704349,0.6949087,0.69119936,0.7032008,0.7508614,0.7494425
0.9595883722677082,0.6968392,0.6965189,0.7073622,0.75342,0.75331384
0.956489897093067,0.69970274,0.69826585,0.7186667,0.75732833,0.7576918
0.9541237887778863,0.702,0.6991274,0.7134855,0.76082337,0.75844336
0.9655036430556598,0.70331514,0.6991853,0.7084032,0.76276284,0.75785667
0.9683204386689701,0.7042378,0.70219845,0.7161681,0.7638447,0.7592475
0.9668557049500488,0.70522267,0.7035802,0.71804345,0.76522577,0.7609224
0.9589686772327799,0.7065443,0.70482033,0.71962726,0.76753736,0.7624984
0.9763576954856154,0.7072593,0.7042863,0.71959436,0.7686014,0.76163286
0.9484526402764216,0.7080875,0.70691156,0.7216342,0.76968104,0.7631381
0.9500112671824532,0.7082796,0.7047835,0.719603,0.7703128,0.7614549
0.9290355291820026,0.7074165,0.70313853,0.7123594,0.76978296,0.7583844
0.916021933448509,0.70515895,0.6988035,0.70165163,0.76816183,0.75315815
0.9175993389919627,0.70098937,0.69371575,0.69479424,0.76526266,0.74538857
0.9209043791782467,0.6980821,0.69380856,0.6918062,0.7596101,0.74520975
0.9325283557425073,0.69602305,0.6914883,0.6965741,0.7569179,0.7446498
0.931063622023586,0.69500196,0.6922466,0.6971555,0.75493,0.74507093
0.9390069856531209,0.69502795,0.69266224,0.70397717,0.75471824,0.7466684
0.9388567565537446,0.69564843,0.6937725,0.70500743,0.75478536,0.7481844
0.9359836250281679,0.696812,0.69528526,0.70452,0.7560374,0.75030166
0.9363591977766093,0.69791377,0.6951868,0.70641625,0.75640327,0.751041
0.936528205513408,0.69861674,0.6949982,0.7048272,0.7571112,0.75101155
0.91630361300984,0.69874775,0.6944483,0.70107955,0.75707847,0.75041336
0.8848306166904529,0.69745195,0.690249,0.6947373,0.7568701,0.7459722
0.8614699917373995,0.6944567,0.68523806,0.68432134,0.7541279,0.7392985
0.8661270938180726,0.6895485,0.6771377,0.66840136,0.7498823,0.73032266
0.8571696837677457,0.6840108,0.6734175,0.6583498,0.7426279,0.72435623
0.8571133478554797,0.6798303,0.6707732,0.6640662,0.73632246,0.7230142
0.8756290843536393,0.6766405,0.66720206,0.6650125,0.7316727,0.72117895
0.8691316758056035,0.67507654,0.6687846,0.66687113,0.72900707,0.7229147
0.8802486291594682,0.6744552,0.6667338,0.67456216,0.7270423,0.7236226
0.8764177871253661,0.6747726,0.66793174,0.6718528,0.72673535,0.72531146
0.8590475475099526,0.6754255,0.66751933,0.6739613,0.7262562,0.7266225
0.8750281679561331,0.6753436,0.66472524,0.6683447,0.7261352,0.7244652
0.8736573274243221,0.6751088,0.6656228,0.66896594,0.72537357,0.72468144
0.8707466386239014,0.6747477,0.6643176,0.66979754,0.72437924,0.72438097
0.8718357995943814,0.6746591,0.66525835,0.6698273,0.72422725,0.72491837
0.9038909336738525,0.6744688,0.66432697,0.6700146,0.72401315,0.7244161
0.9162848343724179,0.6755097,0.67034876,0.67751014,0.7253916,0.7288169
0.8981446706226995,0.6781039,0.67315674,0.69023216,0.72835904,0.73428315
0.8916660407120859,0.68060863,0.6740119,0.6877693,0.7323975,0.73536175
0.9121535341395628,0.6822874,0.6739203,0.6829546,0.7343729,0.7349033
0.9098625403740704,0.68386286,0.6780428,0.68523175,0.7358616,0.7374731
0.8753849620671524,0.6850667,0.6776639,0.69058406,0.7369749,0.73820233
0.8703147299631938,0.6841223,0.67221165,0.6746197,0.73713356,0.73173183
0.8721174791557125,0.68242866,0.6719819,0.67164314,0.73616666,0.7289862
0.8706151881619469,0.68058205,0.6699818,0.67050457,0.7340167,0.727488
0.88126267558026,0.678498,0.6677388,0.6652452,0.73096025,0.724802
0.8851310748892061,0.6773648,0.66942704,0.6720929,0.72961867,0.72583693
0.8948584090738375,0.6773132,0.67003816,0.67890835,0.7291846,0.72776955
0.9031773454518139,0.6784792,0.6728431,0.6818254,0.73113245,0.73099774
0.8961729136933825,0.68038815,0.67507476,0.6864479,0.7328916,0.7340364
0.8880042064147825,0.6821371,0.6752343,0.6877861,0.73455304,0.73474103
0.8877413054908736,0.6827008,0.67361116,0.68036044,0.735147,0.7325482
0.9028581086156389,0.6827086,0.6743098,0.67655283,0.7352063,0.7319566
0.8723991587170434,0.6827456,0.6753812,0.6815963,0.7347308,0.7328522
0.8817884774280778,0.6819206,0.6721802,0.67606014,0.73444706,0.7296242
0.8861075640351536,0.68098825,0.6722339,0.6729332,0.733331,0.72845566
0.8709156463607,0.6805521,0.6729781,0.67297405,0.73268306,0.72947365
0.8676669420866822,0.6795138,0.66963243,0.6732235,0.7317996,0.72667557
0.8552167054758507,0.6783172,0.6691207,0.66757834,0.73026997,0.72500795
0.8540148726808382,0.67612755,0.6643479,0.6636152,0.7292093,0.7205534
0.8535454067452865,0.6738311,0.66277725,0.6591593,0.725251,0.71802646
0.8562870878089086,0.67178226,0.66127497,0.65655273,0.7229631,0.71691436
0.8611695335386463,0.67019224,0.66040134,0.659885,0.7202014,0.71634233
0.849808457898295,0.66935396,0.6607097,0.6617532,0.71892744,0.71710014
0.84958311424923,0.6688791,0.65888125,0.6610543,0.7179212,0.71659267
0.8369826485390219,0.6681083,0.6573325,0.65890396,0.7169125,0.71512985
0.8268421843311049,0.66705745,0.65495855,0.65173584,0.71559864,0.7131806
0.835086006159393,0.6652492,0.651803,0.6490103,0.71374196,0.7097747
0.8343911965747765,0.66377354,0.6518922,0.6470025,0.7106096,0.7093816
0.8304476827161421,0.66226494,0.64988846,0.6498663,0.70884395,0.70796615
0.8530196048974686,0.6610113,0.6484189,0.6486925,0.70669717,0.70659095
0.843010591151506,0.6608758,0.65143114,0.6510109,0.70640737,0.7091997
0.8501840306467363,0.66111976,0.6508332,0.65665954,0.70620424,0.71007806
0.8552730413881169,0.6622147,0.652938,0.6545361,0.708274,0.71251875
0.8471794486592052,0.66360044,0.6537393,0.6576973,0.7092123,0.71452194
0.8113310298204762,0.6648577,0.6541186,0.6603985,0.71077055,0.7152812
0.8308420341020055,0.6636592,0.6471539,0.6461888,0.71109146,0.70809203
0.8445128821452715,0.6614256,0.64686495,0.64061606,0.7076484,0.704744
0.8342973033876662,0.6608581,0.65098685,0.64911306,0.70607805,0.7092809
0.829865544956058,0.6609304,0.64887035,0.65271455,0.70619494,0.7096432
0.8350296702471269,0.6608081,0.648181,0.64940363,0.7068081,0.7081099
0.836700968977691,0.660403,0.647452,0.6487931,0.7062161,0.7071245
0.8680237361977015,0.66018456,0.6484888,0.651214,0.7051032,0.7078909
0.8660332006309622,0.66157055,0.6540814,0.655162,0.7070774,0.7135028
0.8834222188837978,0.6638548,0.6551254,0.66546476,0.7096415,0.7169835
0.88126267558026,0.66677165,0.6601444,0.6726023,0.71440166,0.72095555
0.8838729061819275,0.67002064,0.66216004,0.6764003,0.71727866,0.7244273
0.8927927589574101,0.6726271,0.6639116,0.67485845,0.7209453,0.72556573
0.8990084879441148,0.6749557,0.6674219,0.6748104,0.72366244,0.72806364
0.9050364305565988,0.6771949,0.669861,0.6792727,0.72639805,0.7304644
0.8829903102230902,0.6795274,0.6729204,0.68384206,0.7298464,0.7330971
